{
    "textures": {
        "particle": "#all"
    },
    "parent": "block/block",
    "elements": [
        {   "from": [ 3, 3, -0.01 ],
            "to": [ 10, 9, -0.01 ],
            "faces": {
                "north": { "uv": [ 6, 7, 13, 13 ], "texture": "#all", "cullface": "north" }
            }
        },
        {   "from": [ 6, 3, 16.01 ],
            "to": [ 13, 9, 16.01 ],
            "faces": {
                "south": { "uv": [ 6, 7, 13, 13 ], "texture": "#all", "cullface": "south" }
            }
        },
        {   "from": [ -0.01, 3, 6 ],
            "to": [ -0.01, 9, 13 ],
            "faces": {
                "west":  { "uv": [ 6, 7, 13, 13 ], "texture": "#all", "cullface": "west" }
            }
        },
        {   "from": [ 16.01, 3, 3 ],
            "to": [ 16.01, 9, 10 ],
            "faces": {
                "east":  { "uv": [ 6, 7, 13, 13 ], "texture": "#all", "cullface": "east" }
            }
        },
        {   "from": [ 6, 16.01, 7 ],
            "to": [ 13, 16.01, 13 ],
            "faces": {
                "up":    { "uv": [ 6, 7, 13, 13 ], "texture": "#all", "cullface": "up" }
            }
        },
        {   "from": [ 6, -0.01, 3 ],
            "to": [ 13, -0.01, 10 ],
            "faces": {
                "down":  { "uv": [ 6, 7, 13, 13 ], "texture": "#all", "cullface": "down" }
            }
        }
    ]
}
