{
	"__comment": "Designed by XeKr with Cubik Studio - https://cubik.studio",
	"textures": {
		"particle": "#texture",
		"open": "block/lime_concrete"
	},
	"elements": [ 	 
		{
			"__comment": "Left-hand post",
			"from": [ 0, 5, 7 ],
			"to": [ 2, 16, 9 ],
			"faces": {
				"down": { "uv": [ 0, 7, 2, 9 ], "texture": "#texture" },
				"up": { "uv": [ 0, 7, 2, 9 ], "texture": "#texture" },
				"north": { "uv": [ 0, 0, 2, 11 ], "texture": "#texture" },
				"south": { "uv": [ 0, 0, 2, 11 ], "texture": "#texture" },
				"west": { "uv": [ 7, 0, 9, 11 ], "texture": "#texture", "cullface": "west" },
				"east": { "uv": [ 7, 0, 9, 11 ], "texture": "#texture" }
			}
		},
		{
			"__comment": "Right-hand post",
			"from": [ 14, 5, 7 ],
			"to": [ 16, 16, 9 ],
			"faces": {
				"down": { "uv": [ 14, 7, 16, 9 ], "texture": "#texture" },
				"up": { "uv": [ 14, 7, 16, 9 ], "texture": "#texture" },
				"north": { "uv": [ 14, 0, 16, 11 ], "texture": "#texture" },
				"south": { "uv": [ 14, 0, 16, 11 ], "texture": "#texture" },
				"west": { "uv": [ 7, 0, 9, 11 ], "texture": "#texture" },
				"east": { "uv": [ 7, 0, 9, 11 ], "texture": "#texture", "cullface": "east" }
			}
		},
		{
			"__comment": "Box18",
			"from": [ 0, 0, 6 ],
			"to": [ 0.5, 16, 6.5 ],
			"faces": {
				"down": { "uv": [ 0, 9.5, 0.5, 10 ], "texture": "#open" },
				"up": { "uv": [ 0, 6, 0.5, 6.5 ], "texture": "#open" },
				"north": { "uv": [ 15.5, 0, 16, 16 ], "texture": "#open" },
				"south": { "uv": [ 0, 0, 0.5, 16 ], "texture": "#open" },
				"west": { "uv": [ 6, 0, 6.5, 16 ], "texture": "#open" },
				"east": { "uv": [ 9.5, 0, 10, 16 ], "texture": "#open" }
			}
		},
		{
			"__comment": "Box18",
			"from": [ 15.5, 0, 6 ],
			"to": [ 16, 16, 6.5 ],
			"faces": {
				"down": { "uv": [ 15.5, 9.5, 16, 10 ], "texture": "#open" },
				"up": { "uv": [ 15.5, 6, 16, 6.5 ], "texture": "#open" },
				"north": { "uv": [ 0, 0, 0.5, 16 ], "texture": "#open" },
				"south": { "uv": [ 15.5, 0, 16, 16 ], "texture": "#open" },
				"west": { "uv": [ 6, 0, 6.5, 16 ], "texture": "#open" },
				"east": { "uv": [ 9.5, 0, 10, 16 ], "texture": "#open" }
			}
		},
		{
			"__comment": "Box18",
			"from": [ 0, 0, 9.5 ],
			"to": [ 0.5, 16, 10 ],
			"faces": {
				"down": { "uv": [ 0, 6, 0.5, 6.5 ], "texture": "#open" },
				"up": { "uv": [ 0, 9.5, 0.5, 10 ], "texture": "#open" },
				"north": { "uv": [ 15.5, 0, 16, 16 ], "texture": "#open" },
				"south": { "uv": [ 0, 0, 0.5, 16 ], "texture": "#open" },
				"west": { "uv": [ 9.5, 0, 10, 16 ], "texture": "#open" },
				"east": { "uv": [ 6, 0, 6.5, 16 ], "texture": "#open" }
			}
		},
		{
			"__comment": "Box18",
			"from": [ 15.5, 0, 9.5 ],
			"to": [ 16, 16, 10 ],
			"faces": {
				"down": { "uv": [ 15.5, 6, 16, 6.5 ], "texture": "#open" },
				"up": { "uv": [ 15.5, 9.5, 16, 10 ], "texture": "#open" },
				"north": { "uv": [ 0, 0, 0.5, 16 ], "texture": "#open" },
				"south": { "uv": [ 15.5, 0, 16, 16 ], "texture": "#open" },
				"west": { "uv": [ 9.5, 0, 10, 16 ], "texture": "#open" },
				"east": { "uv": [ 6, 0, 6.5, 16 ], "texture": "#open" }
			}
		},
		{
			"__comment": "Box22",
			"from": [ 0.5, 0, 6 ],
			"to": [ 15.5, 0.5, 6.5 ],
			"faces": {
				"down": { "uv": [ 0.5, 9.5, 15.5, 10 ], "texture": "#open" },
				"up": { "uv": [ 0.5, 6, 15.5, 6.5 ], "texture": "#open" },
				"north": { "uv": [ 0.5, 15.5, 15.5, 16 ], "texture": "#open" },
				"south": { "uv": [ 0.5, 15.5, 15.5, 16 ], "texture": "#open" },
				"west": { "uv": [ 6, 15.5, 6.5, 16 ], "texture": "#open" },
				"east": { "uv": [ 9.5, 15.5, 10, 16 ], "texture": "#open" }
			}
		},
		{
			"__comment": "Box22",
			"from": [ 0.5, 0, 9.5 ],
			"to": [ 15.5, 0.5, 10 ],
			"faces": {
				"down": { "uv": [ 0.5, 6, 15.5, 6.5 ], "texture": "#open" },
				"up": { "uv": [ 0.5, 9.5, 15.5, 10 ], "texture": "#open" },
				"north": { "uv": [ 0.5, 15.5, 15.5, 16 ], "texture": "#open" },
				"south": { "uv": [ 0.5, 15.5, 15.5, 16 ], "texture": "#open" },
				"west": { "uv": [ 9.5, 15.5, 10, 16 ], "texture": "#open" },
				"east": { "uv": [ 6, 15.5, 6.5, 16 ], "texture": "#open" }
			}
		},
		{
			"__comment": "Box22",
			"from": [ 0.5, 15.5, 9.5 ],
			"to": [ 15.5, 16, 10 ],
			"faces": {
				"down": { "uv": [ 0.5, 6, 15.5, 6.5 ], "texture": "#open" },
				"up": { "uv": [ 0.5, 9.5, 15.5, 10 ], "texture": "#open" },
				"north": { "uv": [ 0.5, 0, 15.5, 0.5 ], "texture": "#open" },
				"south": { "uv": [ 0.5, 0, 15.5, 0.5 ], "texture": "#open" },
				"west": { "uv": [ 9.5, 0, 10, 0.5 ], "texture": "#open" },
				"east": { "uv": [ 6, 0, 6.5, 0.5 ], "texture": "#open" }
			}
		},
		{
			"__comment": "Box22",
			"from": [ 0.5, 15.5, 6 ],
			"to": [ 15.5, 16, 6.5 ],
			"faces": {
				"down": { "uv": [ 0.5, 9.5, 15.5, 10 ], "texture": "#open" },
				"up": { "uv": [ 0.5, 6, 15.5, 6.5 ], "texture": "#open" },
				"north": { "uv": [ 0.5, 0, 15.5, 0.5 ], "texture": "#open" },
				"south": { "uv": [ 0.5, 0, 15.5, 0.5 ], "texture": "#open" },
				"west": { "uv": [ 6, 0, 6.5, 0.5 ], "texture": "#open" },
				"east": { "uv": [ 9.5, 0, 10, 0.5 ], "texture": "#open" }
			}
		},
		{
			"__comment": "Box26",
			"from": [ 0, 0, 6.5 ],
			"to": [ 0.5, 0.5, 9.5 ],
			"faces": {
				"down": { "uv": [ 0, 6.5, 0.5, 9.5 ], "texture": "#open" },
				"up": { "uv": [ 0, 6.5, 0.5, 9.5 ], "texture": "#open" },
				"north": { "uv": [ 15.5, 15.5, 16, 16 ], "texture": "#open" },
				"south": { "uv": [ 0, 15.5, 0.5, 16 ], "texture": "#open" },
				"west": { "uv": [ 6.5, 15.5, 9.5, 16 ], "texture": "#open" },
				"east": { "uv": [ 6.5, 15.5, 9.5, 16 ], "texture": "#open" }
			}
		},
		{
			"__comment": "Box26",
			"from": [ 15.5, 0, 6.5 ],
			"to": [ 16, 0.5, 9.5 ],
			"faces": {
				"down": { "uv": [ 15.5, 6.5, 16, 9.5 ], "texture": "#open" },
				"up": { "uv": [ 15.5, 6.5, 16, 9.5 ], "texture": "#open" },
				"north": { "uv": [ 0, 15.5, 0.5, 16 ], "texture": "#open" },
				"south": { "uv": [ 15.5, 15.5, 16, 16 ], "texture": "#open" },
				"west": { "uv": [ 6.5, 15.5, 9.5, 16 ], "texture": "#open" },
				"east": { "uv": [ 6.5, 15.5, 9.5, 16 ], "texture": "#open" }
			}
		}
	]
}