{
    "textures": {
        "particle": "#texture",
		"texture2": "block/red_concrete_powder"
    },
    "elements": [
        {   "from": [ 5, 0, 6 ],
            "to": [ 11, 1, 7 ],
            "faces": {
                "down":  { "texture": "#texture", "cullface": "down" },
                "up":    { "texture": "#texture" },
                "north": { "texture": "#texture" },
                "south": { "texture": "#texture" },
                "west":  { "texture": "#texture" },
                "east":  { "texture": "#texture" }
            }
        },
        {   "from": [ 5, 0, 9 ],
            "to": [ 11, 1, 10 ],
            "faces": {
                "down":  { "texture": "#texture", "cullface": "down" },
                "up":    { "texture": "#texture" },
                "north": { "texture": "#texture" },
                "south": { "texture": "#texture" },
                "west":  { "texture": "#texture" },
                "east":  { "texture": "#texture" }
            }
        },
        {   "from": [ 5, 0, 7 ],
            "to": [ 6, 1, 9 ],
            "faces": {
                "down":  { "texture": "#texture", "cullface": "down" },
                "up":    { "texture": "#texture" },
                "north": { "texture": "#texture" },
                "south": { "texture": "#texture" },
                "west":  { "texture": "#texture" },
                "east":  { "texture": "#texture" }
            }
        },
        {   "from": [ 10, 0, 7 ],
            "to": [ 11, 1, 9 ],
            "faces": {
                "down":  { "texture": "#texture", "cullface": "down" },
                "up":    { "texture": "#texture" },
                "north": { "texture": "#texture" },
                "south": { "texture": "#texture" },
                "west":  { "texture": "#texture" },
                "east":  { "texture": "#texture" }
            }
        },
        {   "from": [ 6, 0, 7 ],
            "to": [ 10, 0.5, 9 ],
            "faces": {
                "up":    { "texture": "#texture2" }
            }
        }
    ]
}
