{
	"__comment": "Designed by XeKr with Cubik Studio - https://cubik.studio",
	"parent": "block/block",
	"textures": {
		"particle": "block/composter_side",
		"top": "block/composter_top",
		"bottom": "block/composter_bottom",
		"side": "block/composter_side",
		"inside": "block/composter_compost",
		"sign": "block/red_concrete_powder"
	},
	"elements": [ 	 
		{
			"__comment": "Element",
			"from": [ 2, 1, 2 ],
			"to": [ 14, 2, 14 ],
			"faces": {
				"down": { "uv": [ 2, 2, 14, 14 ], "texture": "#bottom" },
				"up": { "uv": [ 2, 2, 14, 14 ], "texture": "#bottom" }
			}
		},
		{
			"__comment": "Element",
			"from": [ 0, 0, 0 ],
			"to": [ 2, 2, 16 ],
			"faces": {
				"down": { "uv": [ 0, 0, 2, 16 ], "texture": "#bottom", "cullface": "down" },
				"up": { "uv": [ 0, 0, 2, 16 ], "texture": "#top" },
				"north": { "uv": [ 14, 14, 16, 16 ], "texture": "#side" },
				"south": { "uv": [ 0, 14, 2, 16 ], "texture": "#side" },
				"west": { "uv": [ 0, 14, 16, 16 ], "texture": "#side" },
				"east": { "uv": [ 0, 14, 16, 16 ], "texture": "#side" }
			}
		},
		{
			"__comment": "Element",
			"from": [ 14, 0, 0 ],
			"to": [ 16, 2, 16 ],
			"faces": {
				"down": { "uv": [ 14, 0, 16, 16 ], "texture": "#bottom", "cullface": "down" },
				"up": { "uv": [ 14, 0, 16, 16 ], "texture": "#top" },
				"north": { "uv": [ 0, 14, 2, 16 ], "texture": "#side" },
				"south": { "uv": [ 14, 14, 16, 16 ], "texture": "#side" },
				"west": { "uv": [ 0, 14, 16, 16 ], "texture": "#side" },
				"east": { "uv": [ 0, 14, 16, 16 ], "texture": "#side" }
			}
		},
		{
			"__comment": "Element",
			"from": [ 2, 0, 0 ],
			"to": [ 14, 2, 2 ],
			"faces": {
				"down": { "uv": [ 2, 14, 14, 16 ], "texture": "#bottom", "cullface": "down" },
				"up": { "uv": [ 2, 0, 14, 2 ], "texture": "#top" },
				"north": { "uv": [ 2, 14, 14, 16 ], "texture": "#side" },
				"south": { "uv": [ 2, 14, 14, 16 ], "texture": "#side" }
			}
		},
		{
			"__comment": "Element",
			"from": [ 2, 0, 14 ],
			"to": [ 14, 2, 16 ],
			"faces": {
				"down": { "uv": [ 2, 0, 14, 2 ], "texture": "#bottom", "cullface": "down" },
				"up": { "uv": [ 2, 14, 14, 16 ], "texture": "#top" },
				"north": { "uv": [ 2, 14, 14, 16 ], "texture": "#side" },
				"south": { "uv": [ 2, 14, 14, 16 ], "texture": "#side" }
			}
		},
		{
			"__comment": "Element",
			"from": [ 0.5, 3, 2 ],
			"to": [ 2, 4, 14 ],
			"faces": {
				"down": { "uv": [ 0.5, 2, 2, 14 ], "texture": "#top" },
				"up": { "uv": [ 0.5, 2, 2, 14 ], "texture": "#top" },
				"west": { "uv": [ 2, 13, 14, 14 ], "texture": "#side" },
				"east": { "uv": [ 2, 13, 14, 14 ], "texture": "#side" }
			}
		},
		{
			"__comment": "Element",
			"from": [ 2, 3, 0.5 ],
			"to": [ 14, 4, 2 ],
			"faces": {
				"down": { "uv": [ 2, 14, 14, 15.5 ], "texture": "#top" },
				"up": { "uv": [ 2, 0.5, 14, 2 ], "texture": "#top" },
				"north": { "uv": [ 2, 13, 14, 14 ], "texture": "#side" },
				"south": { "uv": [ 2, 13, 14, 14 ], "texture": "#side" }
			}
		},
		{
			"__comment": "Element",
			"from": [ 0.5, 5, 2 ],
			"to": [ 2, 6, 14 ],
			"faces": {
				"down": { "uv": [ 0.5, 2, 2, 14 ], "texture": "#top" },
				"up": { "uv": [ 0.5, 2, 2, 14 ], "texture": "#top" },
				"west": { "uv": [ 2, 10, 14, 11 ], "texture": "#side" },
				"east": { "uv": [ 2, 10, 14, 11 ], "texture": "#side" }
			}
		},
		{
			"__comment": "Element",
			"from": [ 2, 5, 0.5 ],
			"to": [ 14, 6, 2 ],
			"faces": {
				"down": { "uv": [ 2, 14, 14, 15.5 ], "texture": "#top" },
				"up": { "uv": [ 2, 0.5, 14, 2 ], "texture": "#top" },
				"north": { "uv": [ 2, 10, 14, 11 ], "texture": "#side" },
				"south": { "uv": [ 2, 10, 14, 11 ], "texture": "#side" }
			}
		},
		{
			"__comment": "Element",
			"from": [ 2, 15, 14 ],
			"to": [ 14, 16, 16 ],
			"faces": {
				"down": { "uv": [ 2, 0, 14, 2 ], "texture": "#top" },
				"up": { "uv": [ 2, 14, 14, 16 ], "texture": "#top" },
				"north": { "uv": [ 2, 0, 14, 1 ], "texture": "#side" },
				"south": { "uv": [ 2, 0, 14, 1 ], "texture": "#side" }
			}
		},
		{
			"__comment": "Element",
			"from": [ 14, 15, 0 ],
			"to": [ 16, 16, 16 ],
			"faces": {
				"down": { "uv": [ 14, 0, 16, 16 ], "texture": "#top" },
				"up": { "uv": [ 14, 0, 16, 16 ], "texture": "#top", "cullface": "up" },
				"north": { "uv": [ 0, 0, 2, 1 ], "texture": "#side" },
				"south": { "uv": [ 14, 0, 16, 1 ], "texture": "#side" },
				"west": { "uv": [ 0, 0, 16, 1 ], "texture": "#side" },
				"east": { "uv": [ 0, 0, 16, 1 ], "texture": "#side" }
			}
		},
		{
			"__comment": "Element",
			"from": [ 0, 15, 0 ],
			"to": [ 2, 16, 16 ],
			"faces": {
				"down": { "uv": [ 0, 0, 2, 16 ], "texture": "#top" },
				"up": { "uv": [ 0, 0, 2, 16 ], "texture": "#top" },
				"north": { "uv": [ 14, 0, 16, 1 ], "texture": "#side" },
				"south": { "uv": [ 0, 0, 2, 1 ], "texture": "#side" },
				"west": { "uv": [ 0, 0, 16, 1 ], "texture": "#side" },
				"east": { "uv": [ 0, 0, 16, 1 ], "texture": "#side" }
			}
		},
		{
			"__comment": "Element",
			"from": [ 2, 15, 0 ],
			"to": [ 14, 16, 2 ],
			"faces": {
				"down": { "uv": [ 2, 14, 14, 16 ], "texture": "#top" },
				"up": { "uv": [ 2, 0, 14, 2 ], "texture": "#top" },
				"north": { "uv": [ 2, 0, 14, 1 ], "texture": "#side" },
				"south": { "uv": [ 2, 0, 14, 1 ], "texture": "#side" }
			}
		},
		{
			"__comment": "Box50",
			"from": [ 0, 2, 0 ],
			"to": [ 2, 15, 2 ],
			"faces": {
				"north": { "uv": [ 14, 1, 16, 14 ], "texture": "#bottom" },
				"south": { "uv": [ 0, 1, 2, 14 ], "texture": "#bottom" },
				"west": { "uv": [ 0, 1, 2, 14 ], "texture": "#bottom" },
				"east": { "uv": [ 14, 1, 16, 14 ], "texture": "#bottom" }
			}
		},
		{
			"__comment": "Box50",
			"from": [ 14, 2, 0 ],
			"to": [ 16, 15, 2 ],
			"faces": {
				"north": { "uv": [ 0, 1, 2, 14 ], "texture": "#bottom" },
				"south": { "uv": [ 14, 1, 16, 14 ], "texture": "#bottom" },
				"west": { "uv": [ 0, 1, 2, 14 ], "texture": "#bottom" },
				"east": { "uv": [ 14, 1, 16, 14 ], "texture": "#bottom" }
			}
		},
		{
			"__comment": "Box50",
			"from": [ 14, 2, 14 ],
			"to": [ 16, 15, 16 ],
			"faces": {
				"north": { "uv": [ 0, 1, 2, 14 ], "texture": "#bottom" },
				"south": { "uv": [ 14, 1, 16, 14 ], "texture": "#bottom" },
				"west": { "uv": [ 14, 1, 16, 14 ], "texture": "#bottom" },
				"east": { "uv": [ 0, 1, 2, 14 ], "texture": "#bottom" }
			}
		},
		{
			"__comment": "Box50",
			"from": [ 0, 2, 14 ],
			"to": [ 2, 15, 16 ],
			"faces": {
				"north": { "uv": [ 14, 1, 16, 14 ], "texture": "#bottom" },
				"south": { "uv": [ 0, 1, 2, 14 ], "texture": "#bottom" },
				"west": { "uv": [ 14, 1, 16, 14 ], "texture": "#bottom" },
				"east": { "uv": [ 0, 1, 2, 14 ], "texture": "#bottom" }
			}
		},
		{
			"__comment": "Box50",
			"from": [ 7, 2, 0.75 ],
			"to": [ 9, 15, 1.75 ],
			"faces": {
				"north": { "uv": [ 7, 1, 9, 14 ], "texture": "#bottom" },
				"south": { "uv": [ 7, 1, 9, 14 ], "texture": "#bottom" },
				"west": { "uv": [ 0, 1, 1, 14 ], "texture": "#bottom" },
				"east": { "uv": [ 15, 1, 16, 14 ], "texture": "#bottom" }
			}
		},
		{
			"__comment": "Box50",
			"from": [ 0.75, 2, 7 ],
			"to": [ 1.75, 15, 9 ],
			"faces": {
				"north": { "uv": [ 15, 1, 16, 14 ], "texture": "#bottom" },
				"south": { "uv": [ 0, 1, 1, 14 ], "texture": "#bottom" },
				"west": { "uv": [ 7, 1, 9, 14 ], "texture": "#bottom" },
				"east": { "uv": [ 7, 1, 9, 14 ], "texture": "#bottom" }
			}
		},
		{
			"__comment": "Box50",
			"from": [ 14.25, 2, 7 ],
			"to": [ 15.25, 15, 9 ],
			"faces": {
				"north": { "uv": [ 15, 1, 16, 14 ], "texture": "#bottom" },
				"south": { "uv": [ 0, 1, 1, 14 ], "texture": "#bottom" },
				"west": { "uv": [ 7, 1, 9, 14 ], "texture": "#bottom" },
				"east": { "uv": [ 7, 1, 9, 14 ], "texture": "#bottom" }
			}
		},
		{
			"__comment": "Box50",
			"from": [ 7, 2, 14.25 ],
			"to": [ 9, 15, 15.25 ],
			"faces": {
				"north": { "uv": [ 7, 1, 9, 14 ], "texture": "#bottom" },
				"south": { "uv": [ 7, 1, 9, 14 ], "texture": "#bottom" },
				"west": { "uv": [ 0, 1, 1, 14 ], "texture": "#bottom" },
				"east": { "uv": [ 15, 1, 16, 14 ], "texture": "#bottom" }
			}
		},
		{
			"__comment": "PlaneX74",
			"from": [ 0, 0, 0 ],
			"to": [ 0.001, 16, 16 ],
			"faces": {
				"east": { "uv": [ 0, 0, 16, 16 ], "texture": "#side" }
			}
		},
		{
			"__comment": "PlaneX74",
			"from": [ 16, 0, 0 ],
			"to": [ 16.001, 16, 16 ],
			"faces": {
				"west": { "uv": [ 0, 0, 16, 16 ], "texture": "#side" }
			}
		},
		{
			"__comment": "PlaneX74",
			"from": [ 0, 0, 0 ],
			"to": [ 16, 16, 0.001 ],
			"faces": {
				"south": { "uv": [ 0, 0, 16, 16 ], "texture": "#side" }
			}
		},
		{
			"__comment": "PlaneX74",
			"from": [ 0, 0, 16 ],
			"to": [ 16, 16, 16.001 ],
			"faces": {
				"north": { "uv": [ 0, 0, 16, 16 ], "texture": "#side" }
			}
		},
		{
			"__comment": "Element",
			"from": [ 2, 3, 14 ],
			"to": [ 14, 4, 15.5 ],
			"faces": {
				"down": { "uv": [ 2, 14, 14, 15.5 ], "texture": "#top", "rotation": 180 },
				"up": { "uv": [ 2, 0.5, 14, 2 ], "texture": "#top", "rotation": 180 },
				"north": { "uv": [ 2, 13, 14, 14 ], "texture": "#side" },
				"south": { "uv": [ 2, 13, 14, 14 ], "texture": "#side" }
			}
		},
		{
			"__comment": "Element",
			"from": [ 2, 5, 14 ],
			"to": [ 14, 6, 15.5 ],
			"faces": {
				"down": { "uv": [ 2, 14, 14, 15.5 ], "texture": "#top", "rotation": 180 },
				"up": { "uv": [ 2, 0.5, 14, 2 ], "texture": "#top", "rotation": 180 },
				"north": { "uv": [ 2, 10, 14, 11 ], "texture": "#side" },
				"south": { "uv": [ 2, 10, 14, 11 ], "texture": "#side" }
			}
		},
		{
			"__comment": "Element",
			"from": [ 14, 5, 2 ],
			"to": [ 15.5, 6, 14 ],
			"faces": {
				"down": { "uv": [ 0.5, 2, 2, 14 ], "texture": "#top", "rotation": 180 },
				"up": { "uv": [ 0.5, 2, 2, 14 ], "texture": "#top", "rotation": 180 },
				"west": { "uv": [ 2, 10, 14, 11 ], "texture": "#side" },
				"east": { "uv": [ 2, 10, 14, 11 ], "texture": "#side" }
			}
		},
		{
			"__comment": "Element",
			"from": [ 14, 3, 2 ],
			"to": [ 15.5, 4, 14 ],
			"faces": {
				"down": { "uv": [ 0.5, 2, 2, 14 ], "texture": "#top", "rotation": 180 },
				"up": { "uv": [ 0.5, 2, 2, 14 ], "texture": "#top", "rotation": 180 },
				"west": { "uv": [ 2, 13, 14, 14 ], "texture": "#side" },
				"east": { "uv": [ 2, 13, 14, 14 ], "texture": "#side" }
			}
		},
		{
			"__comment": "Element",
			"from": [ 2, 7, 14 ],
			"to": [ 14, 8, 15.5 ],
			"faces": {
				"down": { "uv": [ 2, 14, 14, 15.5 ], "texture": "#top", "rotation": 180 },
				"up": { "uv": [ 2, 0.5, 14, 2 ], "texture": "#top", "rotation": 180 },
				"north": { "uv": [ 2, 13, 14, 14 ], "texture": "#side" },
				"south": { "uv": [ 2, 13, 14, 14 ], "texture": "#side" }
			}
		},
		{
			"__comment": "Element",
			"from": [ 2, 9, 14 ],
			"to": [ 14, 10, 15.5 ],
			"faces": {
				"down": { "uv": [ 2, 14, 14, 15.5 ], "texture": "#top", "rotation": 180 },
				"up": { "uv": [ 2, 0.5, 14, 2 ], "texture": "#top", "rotation": 180 },
				"north": { "uv": [ 2, 10, 14, 11 ], "texture": "#side" },
				"south": { "uv": [ 2, 10, 14, 11 ], "texture": "#side" }
			}
		},
		{
			"__comment": "Element",
			"from": [ 14, 9, 2 ],
			"to": [ 15.5, 10, 14 ],
			"faces": {
				"down": { "uv": [ 0.5, 2, 2, 14 ], "texture": "#top", "rotation": 180 },
				"up": { "uv": [ 0.5, 2, 2, 14 ], "texture": "#top", "rotation": 180 },
				"west": { "uv": [ 2, 10, 14, 11 ], "texture": "#side" },
				"east": { "uv": [ 2, 10, 14, 11 ], "texture": "#side" }
			}
		},
		{
			"__comment": "Element",
			"from": [ 14, 7, 2 ],
			"to": [ 15.5, 8, 14 ],
			"faces": {
				"down": { "uv": [ 0.5, 2, 2, 14 ], "texture": "#top", "rotation": 180 },
				"up": { "uv": [ 0.5, 2, 2, 14 ], "texture": "#top", "rotation": 180 },
				"west": { "uv": [ 2, 13, 14, 14 ], "texture": "#side" },
				"east": { "uv": [ 2, 13, 14, 14 ], "texture": "#side" }
			}
		},
		{
			"__comment": "Element",
			"from": [ 0.5, 9, 2 ],
			"to": [ 2, 10, 14 ],
			"faces": {
				"down": { "uv": [ 0.5, 2, 2, 14 ], "texture": "#top" },
				"up": { "uv": [ 0.5, 2, 2, 14 ], "texture": "#top" },
				"west": { "uv": [ 2, 10, 14, 11 ], "texture": "#side" },
				"east": { "uv": [ 2, 10, 14, 11 ], "texture": "#side" }
			}
		},
		{
			"__comment": "Element",
			"from": [ 0.5, 7, 2 ],
			"to": [ 2, 8, 14 ],
			"faces": {
				"down": { "uv": [ 0.5, 2, 2, 14 ], "texture": "#top" },
				"up": { "uv": [ 0.5, 2, 2, 14 ], "texture": "#top" },
				"west": { "uv": [ 2, 13, 14, 14 ], "texture": "#side" },
				"east": { "uv": [ 2, 13, 14, 14 ], "texture": "#side" }
			}
		},
		{
			"__comment": "Element",
			"from": [ 2, 9, 0.5 ],
			"to": [ 14, 10, 2 ],
			"faces": {
				"down": { "uv": [ 2, 14, 14, 15.5 ], "texture": "#top" },
				"up": { "uv": [ 2, 0.5, 14, 2 ], "texture": "#top" },
				"north": { "uv": [ 2, 10, 14, 11 ], "texture": "#side" },
				"south": { "uv": [ 2, 10, 14, 11 ], "texture": "#side" }
			}
		},
		{
			"__comment": "Element",
			"from": [ 2, 7, 0.5 ],
			"to": [ 14, 8, 2 ],
			"faces": {
				"down": { "uv": [ 2, 14, 14, 15.5 ], "texture": "#top" },
				"up": { "uv": [ 2, 0.5, 14, 2 ], "texture": "#top" },
				"north": { "uv": [ 2, 13, 14, 14 ], "texture": "#side" },
				"south": { "uv": [ 2, 13, 14, 14 ], "texture": "#side" }
			}
		},
		{
			"__comment": "Element",
			"from": [ 2, 11, 14 ],
			"to": [ 14, 12, 15.5 ],
			"faces": {
				"down": { "uv": [ 2, 14, 14, 15.5 ], "texture": "#top", "rotation": 180 },
				"up": { "uv": [ 2, 0.5, 14, 2 ], "texture": "#top", "rotation": 180 },
				"north": { "uv": [ 2, 13, 14, 14 ], "texture": "#side" },
				"south": { "uv": [ 2, 13, 14, 14 ], "texture": "#side" }
			}
		},
		{
			"__comment": "Element",
			"from": [ 2, 13, 14 ],
			"to": [ 14, 14, 15.5 ],
			"faces": {
				"down": { "uv": [ 2, 14, 14, 15.5 ], "texture": "#top", "rotation": 180 },
				"up": { "uv": [ 2, 0.5, 14, 2 ], "texture": "#top", "rotation": 180 },
				"north": { "uv": [ 2, 10, 14, 11 ], "texture": "#side" },
				"south": { "uv": [ 2, 10, 14, 11 ], "texture": "#side" }
			}
		},
		{
			"__comment": "Element",
			"from": [ 14, 13, 2 ],
			"to": [ 15.5, 14, 14 ],
			"faces": {
				"down": { "uv": [ 0.5, 2, 2, 14 ], "texture": "#top", "rotation": 180 },
				"up": { "uv": [ 0.5, 2, 2, 14 ], "texture": "#top", "rotation": 180 },
				"west": { "uv": [ 2, 10, 14, 11 ], "texture": "#side" },
				"east": { "uv": [ 2, 10, 14, 11 ], "texture": "#side" }
			}
		},
		{
			"__comment": "Element",
			"from": [ 14, 11, 2 ],
			"to": [ 15.5, 12, 14 ],
			"faces": {
				"down": { "uv": [ 0.5, 2, 2, 14 ], "texture": "#top", "rotation": 180 },
				"up": { "uv": [ 0.5, 2, 2, 14 ], "texture": "#top", "rotation": 180 },
				"west": { "uv": [ 2, 13, 14, 14 ], "texture": "#side" },
				"east": { "uv": [ 2, 13, 14, 14 ], "texture": "#side" }
			}
		},
		{
			"__comment": "Element",
			"from": [ 0.5, 13, 2 ],
			"to": [ 2, 14, 14 ],
			"faces": {
				"down": { "uv": [ 0.5, 2, 2, 14 ], "texture": "#top" },
				"up": { "uv": [ 0.5, 2, 2, 14 ], "texture": "#top" },
				"west": { "uv": [ 2, 10, 14, 11 ], "texture": "#side" },
				"east": { "uv": [ 2, 10, 14, 11 ], "texture": "#side" }
			}
		},
		{
			"__comment": "Element",
			"from": [ 0.5, 11, 2 ],
			"to": [ 2, 12, 14 ],
			"faces": {
				"down": { "uv": [ 0.5, 2, 2, 14 ], "texture": "#top" },
				"up": { "uv": [ 0.5, 2, 2, 14 ], "texture": "#top" },
				"west": { "uv": [ 2, 13, 14, 14 ], "texture": "#side" },
				"east": { "uv": [ 2, 13, 14, 14 ], "texture": "#side" }
			}
		},
		{
			"__comment": "Element",
			"from": [ 2, 13, 0.5 ],
			"to": [ 14, 14, 2 ],
			"faces": {
				"down": { "uv": [ 2, 14, 14, 15.5 ], "texture": "#top" },
				"up": { "uv": [ 2, 0.5, 14, 2 ], "texture": "#top" },
				"north": { "uv": [ 2, 10, 14, 11 ], "texture": "#side" },
				"south": { "uv": [ 2, 10, 14, 11 ], "texture": "#side" }
			}
		},
		{
			"__comment": "Element",
			"from": [ 2, 11, 0.5 ],
			"to": [ 14, 12, 2 ],
			"faces": {
				"down": { "uv": [ 2, 14, 14, 15.5 ], "texture": "#top" },
				"up": { "uv": [ 2, 0.5, 14, 2 ], "texture": "#top" },
				"north": { "uv": [ 2, 13, 14, 14 ], "texture": "#side" },
				"south": { "uv": [ 2, 13, 14, 14 ], "texture": "#side" }
			}
		},
		{
			"__comment": "Box51",
			"from": [ 1, 2, 1 ],
			"to": [ 15, 3, 15 ],
			"faces": {
				"down": { "uv": [ 1, 1, 15, 15 ], "texture": "#inside" },
				"up": { "uv": [ 1, 1, 15, 15 ], "texture": "#inside" },
				"north": { "uv": [ 1, 13, 15, 14 ], "texture": "#sign" },
				"south": { "uv": [ 1, 13, 15, 14 ], "texture": "#sign" },
				"west": { "uv": [ 1, 13, 15, 14 ], "texture": "#sign" },
				"east": { "uv": [ 1, 13, 15, 14 ], "texture": "#sign" }
			}
		},
		{
			"__comment": "Box52",
			"from": [ 7, 3, 7 ],
			"to": [ 9, 3.25, 9 ],
			"faces": {
				"down": { "uv": [ 7, 7, 9, 9 ], "texture": "#sign" },
				"up": { "uv": [ 7, 7, 9, 9 ], "texture": "#sign" },
				"north": { "uv": [ 7, 12.75, 9, 13 ], "texture": "#sign" },
				"south": { "uv": [ 7, 12.75, 9, 13 ], "texture": "#sign" },
				"west": { "uv": [ 7, 12.75, 9, 13 ], "texture": "#sign" },
				"east": { "uv": [ 7, 12.75, 9, 13 ], "texture": "#sign" }
			}
		},
		{
			"__comment": "Box52",
			"from": [ 7, 0.75, 7 ],
			"to": [ 9, 1, 9 ],
			"faces": {
				"down": { "uv": [ 7, 7, 9, 9 ], "texture": "#sign" },
				"up": { "uv": [ 7, 7, 9, 9 ], "texture": "#sign" },
				"north": { "uv": [ 7, 15, 9, 15.25 ], "texture": "#sign" },
				"south": { "uv": [ 7, 15, 9, 15.25 ], "texture": "#sign" },
				"west": { "uv": [ 7, 15, 9, 15.25 ], "texture": "#sign" },
				"east": { "uv": [ 7, 15, 9, 15.25 ], "texture": "#sign" }
			}
		}
	]
}