{
	"__comment": "Designed by XeKr with Cubik Studio - https://cubik.studio",
	"parent": "block/thin_block",
	"textures": {
		"particle": "block/daylight_detector_top",
		"top": "block/daylight_detector_top",
		"side": "block/daylight_detector_side"
	},
	"elements": [ 	 
		{
			"__comment": "Element",
			"from": [ 0.25, 0.25, 0.25 ],
			"to": [ 15.75, 5, 15.75 ],
			"faces": {
				"down": { "uv": [ 0.25, 0.25, 15.75, 15.75 ], "texture": "#side", "cullface": "down" },
				"north": { "uv": [ 0.25, 11, 15.75, 15.75 ], "texture": "#side", "cullface": "north" },
				"south": { "uv": [ 0.25, 11, 15.75, 15.75 ], "texture": "#side", "cullface": "south" },
				"west": { "uv": [ 0.25, 11, 15.75, 15.75 ], "texture": "#side", "cullface": "west" },
				"east": { "uv": [ 0.25, 11, 15.75, 15.75 ], "texture": "#side", "cullface": "east" }
			}
		},
		{
			"__comment": "Element",
			"from": [ 0, 5, 0 ],
			"to": [ 16, 6, 16 ],
			"faces": {
				"down": { "uv": [ 0, 0, 16, 16 ], "texture": "#side", "cullface": "down" },
				"up": { "uv": [ 0, 0, 16, 16 ], "texture": "#top" },
				"north": { "uv": [ 0, 15, 16, 16 ], "texture": "#side", "cullface": "north" },
				"south": { "uv": [ 0, 15, 16, 16 ], "texture": "#side", "cullface": "south" },
				"west": { "uv": [ 0, 15, 16, 16 ], "texture": "#side", "cullface": "west" },
				"east": { "uv": [ 0, 15, 16, 16 ], "texture": "#side", "cullface": "east" }
			}
		},
		{
			"__comment": "Box6",
			"from": [ 0, 0, 0 ],
			"to": [ 1, 1, 16 ],
			"faces": {
				"down": { "uv": [ 0, 0, 1, 16 ], "texture": "#top" },
				"up": { "uv": [ 0, 0, 1, 16 ], "texture": "#top" },
				"north": { "uv": [ 15, 15, 16, 16 ], "texture": "#top" },
				"south": { "uv": [ 0, 15, 1, 16 ], "texture": "#top" },
				"west": { "uv": [ 0, 15, 16, 16 ], "texture": "#top" },
				"east": { "uv": [ 0, 15, 16, 16 ], "texture": "#top" }
			}
		},
		{
			"__comment": "Box6",
			"from": [ 15, 0, 0 ],
			"to": [ 16, 1, 16 ],
			"faces": {
				"down": { "uv": [ 15, 0, 16, 16 ], "texture": "#top" },
				"up": { "uv": [ 15, 0, 16, 16 ], "texture": "#top" },
				"north": { "uv": [ 0, 15, 1, 16 ], "texture": "#top" },
				"south": { "uv": [ 15, 15, 16, 16 ], "texture": "#top" },
				"west": { "uv": [ 0, 15, 16, 16 ], "texture": "#top" },
				"east": { "uv": [ 0, 15, 16, 16 ], "texture": "#top" }
			}
		},
		{
			"__comment": "Box8",
			"from": [ 1, 0, 0 ],
			"to": [ 15, 1, 1 ],
			"faces": {
				"down": { "uv": [ 1, 15, 15, 16 ], "texture": "#top" },
				"up": { "uv": [ 1, 0, 15, 1 ], "texture": "#top" },
				"north": { "uv": [ 1, 15, 15, 16 ], "texture": "#top" },
				"south": { "uv": [ 1, 15, 15, 16 ], "texture": "#top" }
			}
		},
		{
			"__comment": "Box8",
			"from": [ 1, 0, 15 ],
			"to": [ 15, 1, 16 ],
			"faces": {
				"down": { "uv": [ 1, 0, 15, 1 ], "texture": "#top" },
				"up": { "uv": [ 1, 15, 15, 16 ], "texture": "#top" },
				"north": { "uv": [ 1, 15, 15, 16 ], "texture": "#top" },
				"south": { "uv": [ 1, 15, 15, 16 ], "texture": "#top" }
			}
		},
		{
			"__comment": "Box10",
			"from": [ 0, 1, 0 ],
			"to": [ 1, 5, 1 ],
			"faces": {
				"north": { "uv": [ 15, 11, 16, 15 ], "texture": "#top" },
				"south": { "uv": [ 0, 11, 1, 15 ], "texture": "#top" },
				"west": { "uv": [ 0, 11, 1, 15 ], "texture": "#top" },
				"east": { "uv": [ 15, 11, 16, 15 ], "texture": "#top" }
			}
		},
		{
			"__comment": "Box10",
			"from": [ 15, 1, 0 ],
			"to": [ 16, 5, 1 ],
			"faces": {
				"north": { "uv": [ 0, 11, 1, 15 ], "texture": "#top" },
				"south": { "uv": [ 15, 11, 16, 15 ], "texture": "#top" },
				"west": { "uv": [ 0, 11, 1, 15 ], "texture": "#top" },
				"east": { "uv": [ 15, 11, 16, 15 ], "texture": "#top" }
			}
		},
		{
			"__comment": "Box10",
			"from": [ 15, 1, 15 ],
			"to": [ 16, 5, 16 ],
			"faces": {
				"north": { "uv": [ 0, 11, 1, 15 ], "texture": "#top" },
				"south": { "uv": [ 15, 11, 16, 15 ], "texture": "#top" },
				"west": { "uv": [ 15, 11, 16, 15 ], "texture": "#top" },
				"east": { "uv": [ 0, 11, 1, 15 ], "texture": "#top" }
			}
		},
		{
			"__comment": "Box10",
			"from": [ 0, 1, 15 ],
			"to": [ 1, 5, 16 ],
			"faces": {
				"north": { "uv": [ 15, 11, 16, 15 ], "texture": "#top" },
				"south": { "uv": [ 0, 11, 1, 15 ], "texture": "#top" },
				"west": { "uv": [ 15, 11, 16, 15 ], "texture": "#top" },
				"east": { "uv": [ 0, 11, 1, 15 ], "texture": "#top" }
			}
		},
		{
			"__comment": "Box14",
			"from": [ 0, 2, 2 ],
			"to": [ 0.25, 4, 4 ],
			"faces": {
				"down": { "uv": [ 7, 9.75, 9, 10 ], "texture": "#top", "rotation": 90 },
				"up": { "uv": [ 9, 10, 7, 9.75 ], "texture": "#top", "rotation": 270 },
				"north": { "uv": [ 7, 9.75, 9, 10 ], "texture": "#top", "rotation": 270 },
				"south": { "uv": [ 7, 9.75, 9, 10 ], "texture": "#top", "rotation": 90 },
				"west": { "uv": [ 7, 7, 9, 9 ], "texture": "#top", "rotation": 90 }
			}
		},
		{
			"__comment": "Box14",
			"from": [ 0, 2, 12 ],
			"to": [ 0.25, 4, 14 ],
			"faces": {
				"down": { "uv": [ 7, 9.75, 9, 10 ], "texture": "#top", "rotation": 90 },
				"up": { "uv": [ 9, 10, 7, 9.75 ], "texture": "#top", "rotation": 270 },
				"north": { "uv": [ 7, 9.75, 9, 10 ], "texture": "#top", "rotation": 270 },
				"south": { "uv": [ 7, 9.75, 9, 10 ], "texture": "#top", "rotation": 90 },
				"west": { "uv": [ 7, 7, 9, 9 ], "texture": "#top", "rotation": 90 }
			}
		},
		{
			"__comment": "Box14",
			"from": [ 15.75, 2, 12 ],
			"to": [ 16, 4, 14 ],
			"faces": {
				"down": { "uv": [ 7, 9.75, 9, 10 ], "texture": "#top", "rotation": 90 },
				"up": { "uv": [ 9, 10, 7, 9.75 ], "texture": "#top", "rotation": 270 },
				"north": { "uv": [ 7, 9.75, 9, 10 ], "texture": "#top", "rotation": 270 },
				"south": { "uv": [ 7, 9.75, 9, 10 ], "texture": "#top", "rotation": 90 },
				"east": { "uv": [ 9, 9, 7, 7 ], "texture": "#top", "rotation": 270 }
			}
		},
		{
			"__comment": "Box14",
			"from": [ 15.75, 2, 2 ],
			"to": [ 16, 4, 4 ],
			"faces": {
				"down": { "uv": [ 7, 9.75, 9, 10 ], "texture": "#top", "rotation": 90 },
				"up": { "uv": [ 9, 10, 7, 9.75 ], "texture": "#top", "rotation": 270 },
				"north": { "uv": [ 7, 9.75, 9, 10 ], "texture": "#top", "rotation": 270 },
				"south": { "uv": [ 7, 9.75, 9, 10 ], "texture": "#top", "rotation": 90 },
				"east": { "uv": [ 9, 9, 7, 7 ], "texture": "#top", "rotation": 270 }
			}
		},
		{
			"__comment": "Box14",
			"from": [ 12, 2, 0 ],
			"to": [ 14, 4, 0.25 ],
			"faces": {
				"down": { "uv": [ 7, 9.75, 9, 10 ], "texture": "#top" },
				"up": { "uv": [ 9, 10, 7, 9.75 ], "texture": "#top" },
				"north": { "uv": [ 7, 7, 9, 9 ], "texture": "#top", "rotation": 90 },
				"west": { "uv": [ 7, 9.75, 9, 10 ], "texture": "#top", "rotation": 90 },
				"east": { "uv": [ 7, 9.75, 9, 10 ], "texture": "#top", "rotation": 270 }
			}
		},
		{
			"__comment": "Box14",
			"from": [ 2, 2, 0.0001 ],
			"to": [ 4, 4, 0.2501 ],
			"faces": {
				"down": { "uv": [ 7, 9.75, 9, 10 ], "texture": "#top" },
				"up": { "uv": [ 9, 10, 7, 9.75 ], "texture": "#top" },
				"north": { "uv": [ 7, 7, 9, 9 ], "texture": "#top", "rotation": 90 },
				"west": { "uv": [ 7, 9.75, 9, 10 ], "texture": "#top", "rotation": 90 },
				"east": { "uv": [ 7, 9.75, 9, 10 ], "texture": "#top", "rotation": 270 }
			}
		},
		{
			"__comment": "Box14",
			"from": [ 2.0001, 2, 15.7501 ],
			"to": [ 4.0001, 4, 16.0001 ],
			"faces": {
				"down": { "uv": [ 7, 9.75, 9, 10 ], "texture": "#top" },
				"up": { "uv": [ 9, 10, 7, 9.75 ], "texture": "#top" },
				"south": { "uv": [ 9, 9, 7, 7 ], "texture": "#top", "rotation": 270 },
				"west": { "uv": [ 7, 9.75, 9, 10 ], "texture": "#top", "rotation": 90 },
				"east": { "uv": [ 7, 9.75, 9, 10 ], "texture": "#top", "rotation": 270 }
			}
		},
		{
			"__comment": "Box14",
			"from": [ 12.0001, 2, 15.75 ],
			"to": [ 14.0001, 4, 16 ],
			"faces": {
				"down": { "uv": [ 7, 9.75, 9, 10 ], "texture": "#top" },
				"up": { "uv": [ 9, 10, 7, 9.75 ], "texture": "#top" },
				"south": { "uv": [ 9, 9, 7, 7 ], "texture": "#top", "rotation": 270 },
				"west": { "uv": [ 7, 9.75, 9, 10 ], "texture": "#top", "rotation": 90 },
				"east": { "uv": [ 7, 9.75, 9, 10 ], "texture": "#top", "rotation": 270 }
			}
		},
		{
			"__comment": "Box14",
			"from": [ 2, 0, 2 ],
			"to": [ 4, 0.25, 4 ],
			"faces": {
				"down": { "uv": [ 9, 9, 7, 7 ], "texture": "#top", "rotation": 180 },
				"north": { "uv": [ 7, 9.75, 9, 10 ], "texture": "#top" },
				"south": { "uv": [ 7, 9.75, 9, 10 ], "texture": "#top" },
				"west": { "uv": [ 9, 10, 7, 9.75 ], "texture": "#top", "rotation": 180 },
				"east": { "uv": [ 9, 10, 7, 9.75 ], "texture": "#top", "rotation": 180 }
			}
		},
		{
			"__comment": "Box14",
			"from": [ 12, 0, 2 ],
			"to": [ 14, 0.25, 4 ],
			"faces": {
				"down": { "uv": [ 9, 9, 7, 7 ], "texture": "#top", "rotation": 180 },
				"north": { "uv": [ 7, 9.75, 9, 10 ], "texture": "#top" },
				"south": { "uv": [ 7, 9.75, 9, 10 ], "texture": "#top" },
				"west": { "uv": [ 9, 10, 7, 9.75 ], "texture": "#top", "rotation": 180 },
				"east": { "uv": [ 9, 10, 7, 9.75 ], "texture": "#top", "rotation": 180 }
			}
		},
		{
			"__comment": "Box14",
			"from": [ 12, 0, 12 ],
			"to": [ 14, 0.25, 14 ],
			"faces": {
				"down": { "uv": [ 9, 9, 7, 7 ], "texture": "#top", "rotation": 180 },
				"north": { "uv": [ 7, 9.75, 9, 10 ], "texture": "#top" },
				"south": { "uv": [ 7, 9.75, 9, 10 ], "texture": "#top" },
				"west": { "uv": [ 9, 10, 7, 9.75 ], "texture": "#top", "rotation": 180 },
				"east": { "uv": [ 9, 10, 7, 9.75 ], "texture": "#top", "rotation": 180 }
			}
		},
		{
			"__comment": "Box14",
			"from": [ 2, 0, 12 ],
			"to": [ 4, 0.25, 14 ],
			"faces": {
				"down": { "uv": [ 9, 9, 7, 7 ], "texture": "#top", "rotation": 180 },
				"north": { "uv": [ 7, 9.75, 9, 10 ], "texture": "#top" },
				"south": { "uv": [ 7, 9.75, 9, 10 ], "texture": "#top" },
				"west": { "uv": [ 9, 10, 7, 9.75 ], "texture": "#top", "rotation": 180 },
				"east": { "uv": [ 9, 10, 7, 9.75 ], "texture": "#top", "rotation": 180 }
			}
		}
	]
}