{
    "parent": "block/block",
    "textures": {
        "side": "block/furnace_side",
        "top": "block/furnace_top",
        "bottom": "block/furnace_top",
        "front": "block/furnace_front",
        "sign": "block/black_concrete_powder",
        "particle": "block/furnace_front"
    },
		"elements": [ 	 
		{
			"__comment": "Element",
			"from": [ 0.25, 0.25, 0.25 ],
			"to": [ 15.75, 15.75, 15.75 ],
			"faces": {
				"down": { "uv": [ 0.25, 0.25, 15.75, 15.75 ], "texture": "#bottom", "cullface": "down" },
				"up": { "uv": [ 0.25, 15.75, 15.75, 0.25 ], "texture": "#top", "cullface": "up" },
				"north": { "uv": [ 0.25, 0.25, 15.75, 15.75 ], "texture": "#front", "cullface": "north" },
				"south": { "uv": [ 0.25, 0.25, 15.75, 15.75 ], "texture": "#side", "cullface": "south" },
				"west": { "uv": [ 0.25, 0.25, 15.75, 15.75 ], "texture": "#side", "cullface": "west" },
				"east": { "uv": [ 15.75, 0.25, 0.25, 15.75 ], "texture": "#side", "cullface": "east" }
			}
		},
		{
			"__comment": "Box2",
			"from": [ 0, 0, 0 ],
			"to": [ 1, 16, 1 ],
			"faces": {
				"down": { "uv": [ 0, 15, 1, 16 ], "texture": "#top" },
				"up": { "uv": [ 0, 0, 1, 1 ], "texture": "#top" },
				"north": { "uv": [ 15, 0, 16, 16 ], "texture": "#top" },
				"south": { "uv": [ 0, 0, 1, 16 ], "texture": "#top" },
				"west": { "uv": [ 0, 0, 1, 16 ], "texture": "#top" },
				"east": { "uv": [ 15, 0, 16, 16 ], "texture": "#top" }
			}
		},
		{
			"__comment": "Box2",
			"from": [ 15, 0, 0 ],
			"to": [ 16, 16, 1 ],
			"faces": {
				"down": { "uv": [ 15, 15, 16, 16 ], "texture": "#top" },
				"up": { "uv": [ 15, 0, 16, 1 ], "texture": "#top" },
				"north": { "uv": [ 0, 0, 1, 16 ], "texture": "#top" },
				"south": { "uv": [ 15, 0, 16, 16 ], "texture": "#top" },
				"west": { "uv": [ 0, 0, 1, 16 ], "texture": "#top" },
				"east": { "uv": [ 15, 0, 16, 16 ], "texture": "#top" }
			}
		},
		{
			"__comment": "Box2",
			"from": [ 15, 0, 15 ],
			"to": [ 16, 16, 16 ],
			"faces": {
				"down": { "uv": [ 15, 0, 16, 1 ], "texture": "#top" },
				"up": { "uv": [ 15, 15, 16, 16 ], "texture": "#top" },
				"north": { "uv": [ 0, 0, 1, 16 ], "texture": "#top" },
				"south": { "uv": [ 15, 0, 16, 16 ], "texture": "#top" },
				"west": { "uv": [ 15, 0, 16, 16 ], "texture": "#top" },
				"east": { "uv": [ 0, 0, 1, 16 ], "texture": "#top" }
			}
		},
		{
			"__comment": "Box2",
			"from": [ 0, 0, 15 ],
			"to": [ 1, 16, 16 ],
			"faces": {
				"down": { "uv": [ 0, 15, 1, 16 ], "texture": "#top" },
				"up": { "uv": [ 0, 0, 1, 1 ], "texture": "#top" },
				"north": { "uv": [ 15, 0, 16, 16 ], "texture": "#top" },
				"south": { "uv": [ 0, 0, 1, 16 ], "texture": "#top" },
				"west": { "uv": [ 0, 0, 1, 16 ], "texture": "#top" },
				"east": { "uv": [ 15, 0, 16, 16 ], "texture": "#top" }
			}
		},
		{
			"__comment": "Box6",
			"from": [ 1, 0, 0 ],
			"to": [ 15, 1, 1 ],
			"faces": {
				"down": { "uv": [ 1, 15, 15, 16 ], "texture": "#top" },
				"up": { "uv": [ 1, 0, 15, 1 ], "texture": "#top" },
				"north": { "uv": [ 1, 15, 15, 16 ], "texture": "#top" },
				"south": { "uv": [ 1, 15, 15, 16 ], "texture": "#top" }
			}
		},
		{
			"__comment": "Box6",
			"from": [ 1, 15, 0 ],
			"to": [ 15, 16, 1 ],
			"faces": {
				"down": { "uv": [ 1, 15, 15, 16 ], "texture": "#top" },
				"up": { "uv": [ 1, 0, 15, 1 ], "texture": "#top" },
				"north": { "uv": [ 1, 0, 15, 1 ], "texture": "#top" },
				"south": { "uv": [ 1, 0, 15, 1 ], "texture": "#top" }
			}
		},
		{
			"__comment": "Box6",
			"from": [ 1, 15, 15 ],
			"to": [ 15, 16, 16 ],
			"faces": {
				"down": { "uv": [ 1, 0, 15, 1 ], "texture": "#top" },
				"up": { "uv": [ 1, 15, 15, 16 ], "texture": "#top" },
				"north": { "uv": [ 1, 0, 15, 1 ], "texture": "#top" },
				"south": { "uv": [ 1, 0, 15, 1 ], "texture": "#top" }
			}
		},
		{
			"__comment": "Box6",
			"from": [ 1, 0, 15 ],
			"to": [ 15, 1, 16 ],
			"faces": {
				"down": { "uv": [ 1, 15, 15, 16 ], "texture": "#top" },
				"up": { "uv": [ 1, 0, 15, 1 ], "texture": "#top" },
				"north": { "uv": [ 1, 15, 15, 16 ], "texture": "#top" },
				"south": { "uv": [ 1, 15, 15, 16 ], "texture": "#top" }
			}
		},
		{
			"__comment": "Box6",
			"from": [ 0, 0, 1 ],
			"to": [ 1, 1, 15 ],
			"faces": {
				"down": { "uv": [ 1, 0, 15, 1 ], "texture": "#top", "rotation": 270 },
				"up": { "uv": [ 1, 15, 15, 16 ], "texture": "#top", "rotation": 90 },
				"west": { "uv": [ 1, 15, 15, 16 ], "texture": "#top" },
				"east": { "uv": [ 1, 15, 15, 16 ], "texture": "#top" }
			}
		},
		{
			"__comment": "Box6",
			"from": [ 15, 15, 0.9999 ],
			"to": [ 16, 16, 14.9999 ],
			"faces": {
				"down": { "uv": [ 1, 15, 15, 16 ], "texture": "#top", "rotation": 270 },
				"up": { "uv": [ 1, 0, 15, 1 ], "texture": "#top", "rotation": 90 },
				"west": { "uv": [ 1, 0, 15, 1 ], "texture": "#top" },
				"east": { "uv": [ 1, 0, 15, 1 ], "texture": "#top" }
			}
		},
		{
			"__comment": "Box6",
			"from": [ 15, 0, 0.9999 ],
			"to": [ 16, 1, 14.9999 ],
			"faces": {
				"down": { "uv": [ 1, 15, 15, 16 ], "texture": "#top", "rotation": 270 },
				"up": { "uv": [ 1, 0, 15, 1 ], "texture": "#top", "rotation": 90 },
				"west": { "uv": [ 1, 15, 15, 16 ], "texture": "#top" },
				"east": { "uv": [ 1, 15, 15, 16 ], "texture": "#top" }
			}
		},
		{
			"__comment": "Box6",
			"from": [ 0, 15, 1 ],
			"to": [ 1, 16, 15 ],
			"faces": {
				"down": { "uv": [ 1, 0, 15, 1 ], "texture": "#top", "rotation": 270 },
				"up": { "uv": [ 1, 15, 15, 16 ], "texture": "#top", "rotation": 90 },
				"west": { "uv": [ 1, 15, 15, 16 ], "texture": "#top" },
				"east": { "uv": [ 1, 15, 15, 16 ], "texture": "#top" }
			}
		},
		{
			"__comment": "Box2",
			"from": [ 2, 15.75, 2 ],
			"to": [ 4, 16, 3 ],
			"faces": {
				"up": { "uv": [ 2, 2, 4, 3 ], "texture": "#sign" },
				"north": { "uv": [ 12, 0, 14, 0.25 ], "texture": "#sign" },
				"south": { "uv": [ 2, 0, 4, 0.25 ], "texture": "#sign" },
				"west": { "uv": [ 2, 0, 3, 0.25 ], "texture": "#sign" },
				"east": { "uv": [ 13, 0, 14, 0.25 ], "texture": "#sign" }
			}
		},
		{
			"__comment": "Box2",
			"from": [ 2, 15.75, 3 ],
			"to": [ 3, 16, 4 ],
			"faces": {
				"up": { "uv": [ 2, 3, 3, 4 ], "texture": "#sign" },
				"south": { "uv": [ 2, 0, 3, 0.25 ], "texture": "#sign" },
				"west": { "uv": [ 3, 0, 4, 0.25 ], "texture": "#sign" },
				"east": { "uv": [ 12, 0, 13, 0.25 ], "texture": "#sign" }
			}
		},
		{
			"__comment": "Box2",
			"from": [ 12, 15.75, 2 ],
			"to": [ 14, 16, 3 ],
			"faces": {
				"up": { "uv": [ 12, 2, 14, 3 ], "texture": "#sign" },
				"north": { "uv": [ 2, 0, 4, 0.25 ], "texture": "#sign" },
				"south": { "uv": [ 12, 0, 14, 0.25 ], "texture": "#sign" },
				"west": { "uv": [ 2, 0, 3, 0.25 ], "texture": "#sign" },
				"east": { "uv": [ 13, 0, 14, 0.25 ], "texture": "#sign" }
			}
		},
		{
			"__comment": "Box2",
			"from": [ 13, 15.75, 3 ],
			"to": [ 14, 16, 4 ],
			"faces": {
				"up": { "uv": [ 13, 3, 14, 4 ], "texture": "#sign" },
				"south": { "uv": [ 13, 0, 14, 0.25 ], "texture": "#sign" },
				"west": { "uv": [ 3, 0, 4, 0.25 ], "texture": "#sign" },
				"east": { "uv": [ 12, 0, 13, 0.25 ], "texture": "#sign" }
			}
		},
		{
			"__comment": "Box2",
			"from": [ 13, 15.75, 12 ],
			"to": [ 14, 16, 13 ],
			"faces": {
				"up": { "uv": [ 13, 12, 14, 13 ], "texture": "#sign" },
				"north": { "uv": [ 2, 0, 3, 0.25 ], "texture": "#sign" },
				"west": { "uv": [ 12, 0, 13, 0.25 ], "texture": "#sign" },
				"east": { "uv": [ 3, 0, 4, 0.25 ], "texture": "#sign" }
			}
		},
		{
			"__comment": "Box2",
			"from": [ 12, 15.75, 13 ],
			"to": [ 14, 16, 14 ],
			"faces": {
				"up": { "uv": [ 12, 13, 14, 14 ], "texture": "#sign" },
				"north": { "uv": [ 2, 0, 4, 0.25 ], "texture": "#sign" },
				"south": { "uv": [ 12, 0, 14, 0.25 ], "texture": "#sign" },
				"west": { "uv": [ 13, 0, 14, 0.25 ], "texture": "#sign" },
				"east": { "uv": [ 2, 0, 3, 0.25 ], "texture": "#sign" }
			}
		},
		{
			"__comment": "Box2",
			"from": [ 2, 15.75, 12 ],
			"to": [ 3, 16, 13 ],
			"faces": {
				"up": { "uv": [ 2, 12, 3, 13 ], "texture": "#sign" },
				"north": { "uv": [ 13, 0, 14, 0.25 ], "texture": "#sign" },
				"west": { "uv": [ 12, 0, 13, 0.25 ], "texture": "#sign" },
				"east": { "uv": [ 3, 0, 4, 0.25 ], "texture": "#sign" }
			}
		},
		{
			"__comment": "Box2",
			"from": [ 2, 15.75, 13 ],
			"to": [ 4, 16, 14 ],
			"faces": {
				"up": { "uv": [ 2, 13, 4, 14 ], "texture": "#sign" },
				"north": { "uv": [ 12, 0, 14, 0.25 ], "texture": "#sign" },
				"south": { "uv": [ 2, 0, 4, 0.25 ], "texture": "#sign" },
				"west": { "uv": [ 13, 0, 14, 0.25 ], "texture": "#sign" },
				"east": { "uv": [ 2, 0, 3, 0.25 ], "texture": "#sign" }
			}
		},
		{
			"__comment": "Box2",
			"from": [ 2, 0, 2 ],
			"to": [ 4, 0.25, 3 ],
			"faces": {
				"down": { "uv": [ 2, 13, 4, 14 ], "texture": "#sign" },
				"north": { "uv": [ 12, 15.75, 14, 16 ], "texture": "#sign" },
				"south": { "uv": [ 2, 15.75, 4, 16 ], "texture": "#sign" },
				"west": { "uv": [ 2, 15.75, 3, 16 ], "texture": "#sign" },
				"east": { "uv": [ 13, 15.75, 14, 16 ], "texture": "#sign" }
			}
		},
		{
			"__comment": "Box2",
			"from": [ 2, 0, 3 ],
			"to": [ 3, 0.25, 4 ],
			"faces": {
				"down": { "uv": [ 2, 12, 3, 13 ], "texture": "#sign" },
				"south": { "uv": [ 2, 15.75, 3, 16 ], "texture": "#sign" },
				"west": { "uv": [ 3, 15.75, 4, 16 ], "texture": "#sign" },
				"east": { "uv": [ 12, 15.75, 13, 16 ], "texture": "#sign" }
			}
		},
		{
			"__comment": "Box2",
			"from": [ 12, 0, 2 ],
			"to": [ 14, 0.25, 3 ],
			"faces": {
				"down": { "uv": [ 12, 13, 14, 14 ], "texture": "#sign" },
				"north": { "uv": [ 2, 15.75, 4, 16 ], "texture": "#sign" },
				"south": { "uv": [ 12, 15.75, 14, 16 ], "texture": "#sign" },
				"west": { "uv": [ 2, 15.75, 3, 16 ], "texture": "#sign" },
				"east": { "uv": [ 13, 15.75, 14, 16 ], "texture": "#sign" }
			}
		},
		{
			"__comment": "Box2",
			"from": [ 13, 0, 3 ],
			"to": [ 14, 0.25, 4 ],
			"faces": {
				"down": { "uv": [ 13, 12, 14, 13 ], "texture": "#sign" },
				"south": { "uv": [ 13, 15.75, 14, 16 ], "texture": "#sign" },
				"west": { "uv": [ 3, 15.75, 4, 16 ], "texture": "#sign" },
				"east": { "uv": [ 12, 15.75, 13, 16 ], "texture": "#sign" }
			}
		},
		{
			"__comment": "Box2",
			"from": [ 13, 0, 12 ],
			"to": [ 14, 0.25, 13 ],
			"faces": {
				"down": { "uv": [ 13, 3, 14, 4 ], "texture": "#sign" },
				"north": { "uv": [ 2, 15.75, 3, 16 ], "texture": "#sign" },
				"west": { "uv": [ 12, 15.75, 13, 16 ], "texture": "#sign" },
				"east": { "uv": [ 3, 15.75, 4, 16 ], "texture": "#sign" }
			}
		},
		{
			"__comment": "Box2",
			"from": [ 2, 0, 12 ],
			"to": [ 3, 0.25, 13 ],
			"faces": {
				"down": { "uv": [ 2, 3, 3, 4 ], "texture": "#sign" },
				"north": { "uv": [ 13, 15.75, 14, 16 ], "texture": "#sign" },
				"west": { "uv": [ 12, 15.75, 13, 16 ], "texture": "#sign" },
				"east": { "uv": [ 3, 15.75, 4, 16 ], "texture": "#sign" }
			}
		},
		{
			"__comment": "Box2",
			"from": [ 12, 0, 13 ],
			"to": [ 14, 0.25, 14 ],
			"faces": {
				"down": { "uv": [ 12, 2, 14, 3 ], "texture": "#sign" },
				"north": { "uv": [ 2, 15.75, 4, 16 ], "texture": "#sign" },
				"south": { "uv": [ 12, 15.75, 14, 16 ], "texture": "#sign" },
				"west": { "uv": [ 13, 15.75, 14, 16 ], "texture": "#sign" },
				"east": { "uv": [ 2, 15.75, 3, 16 ], "texture": "#sign" }
			}
		},
		{
			"__comment": "Box2",
			"from": [ 2, 0, 13 ],
			"to": [ 4, 0.25, 14 ],
			"faces": {
				"down": { "uv": [ 2, 2, 4, 3 ], "texture": "#sign" },
				"north": { "uv": [ 12, 15.75, 14, 16 ], "texture": "#sign" },
				"south": { "uv": [ 2, 15.75, 4, 16 ], "texture": "#sign" },
				"west": { "uv": [ 13, 15.75, 14, 16 ], "texture": "#sign" },
				"east": { "uv": [ 2, 15.75, 3, 16 ], "texture": "#sign" }
			}
		},
		{
			"__comment": "Box20",
			"from": [ 0, 2, 13 ],
			"to": [ 0.25, 5, 14 ],
			"faces": {
				"down": { "uv": [ 0, 2, 0.25, 3 ], "texture": "#sign" },
				"up": { "uv": [ 0, 13, 0.25, 14 ], "texture": "#sign" },
				"north": { "uv": [ 15.75, 11, 16, 14 ], "texture": "#sign" },
				"south": { "uv": [ 0, 11, 0.25, 14 ], "texture": "#sign" },
				"west": { "uv": [ 13, 11, 14, 14 ], "texture": "#sign" }
			}
		},
		{
			"__comment": "Box20",
			"from": [ 0, 2, 11 ],
			"to": [ 0.25, 5, 12 ],
			"faces": {
				"down": { "uv": [ 0, 4, 0.25, 5 ], "texture": "#sign" },
				"up": { "uv": [ 0, 11, 0.25, 12 ], "texture": "#sign" },
				"north": { "uv": [ 15.75, 11, 16, 14 ], "texture": "#sign" },
				"south": { "uv": [ 0, 11, 0.25, 14 ], "texture": "#sign" },
				"west": { "uv": [ 11, 11, 12, 14 ], "texture": "#sign" }
			}
		},
		{
			"__comment": "Box20",
			"from": [ 0, 2, 9 ],
			"to": [ 0.25, 5, 10 ],
			"faces": {
				"down": { "uv": [ 0, 6, 0.25, 7 ], "texture": "#sign" },
				"up": { "uv": [ 0, 9, 0.25, 10 ], "texture": "#sign" },
				"north": { "uv": [ 15.75, 11, 16, 14 ], "texture": "#sign" },
				"south": { "uv": [ 0, 11, 0.25, 14 ], "texture": "#sign" },
				"west": { "uv": [ 9, 11, 10, 14 ], "texture": "#sign" }
			}
		},
		{
			"__comment": "Box20",
			"from": [ 2, 2, 15.75 ],
			"to": [ 3, 5, 16 ],
			"faces": {
				"down": { "uv": [ 15.5, 2, 15.75, 3 ], "texture": "#sign", "rotation": 270 },
				"up": { "uv": [ 15.5, 13, 15.75, 14 ], "texture": "#sign", "rotation": 90 },
				"south": { "uv": [ 2, 11, 3, 14 ], "texture": "#sign" },
				"west": { "uv": [ 15.5, 11, 15.75, 14 ], "texture": "#sign" },
				"east": { "uv": [ 0.25, 11, 0.5, 14 ], "texture": "#sign" }
			}
		},
		{
			"__comment": "Box20",
			"from": [ 13, 2, 15.75 ],
			"to": [ 14, 5, 16 ],
			"faces": {
				"down": { "uv": [ 0, 6, 0.25, 7 ], "texture": "#sign", "rotation": 270 },
				"up": { "uv": [ 0, 9, 0.25, 10 ], "texture": "#sign", "rotation": 90 },
				"south": { "uv": [ 6, 11, 7, 14 ], "texture": "#sign" },
				"west": { "uv": [ 0, 11, 0.25, 14 ], "texture": "#sign" },
				"east": { "uv": [ 15.75, 11, 16, 14 ], "texture": "#sign" }
			}
		},
		{
			"__comment": "Box20",
			"from": [ 15.75, 2, 9 ],
			"to": [ 16, 5, 10 ],
			"faces": {
				"down": { "uv": [ 15.75, 6, 16, 7 ], "texture": "#sign" },
				"up": { "uv": [ 15.75, 9, 16, 10 ], "texture": "#sign" },
				"north": { "uv": [ 0, 11, 0.25, 14 ], "texture": "#sign" },
				"south": { "uv": [ 15.75, 11, 16, 14 ], "texture": "#sign" },
				"east": { "uv": [ 6, 11, 7, 14 ], "texture": "#sign" }
			}
		},
		{
			"__comment": "Box20",
			"from": [ 15.75, 2, 11 ],
			"to": [ 16, 5, 12 ],
			"faces": {
				"down": { "uv": [ 15.75, 4, 16, 5 ], "texture": "#sign" },
				"up": { "uv": [ 15.75, 11, 16, 12 ], "texture": "#sign" },
				"north": { "uv": [ 0, 11, 0.25, 14 ], "texture": "#sign" },
				"south": { "uv": [ 15.75, 11, 16, 14 ], "texture": "#sign" },
				"east": { "uv": [ 4, 11, 5, 14 ], "texture": "#sign" }
			}
		},
		{
			"__comment": "Box20",
			"from": [ 15.75, 2, 13 ],
			"to": [ 16, 5, 14 ],
			"faces": {
				"down": { "uv": [ 15.75, 2, 16, 3 ], "texture": "#sign" },
				"up": { "uv": [ 15.75, 13, 16, 14 ], "texture": "#sign" },
				"north": { "uv": [ 0, 11, 0.25, 14 ], "texture": "#sign" },
				"south": { "uv": [ 15.75, 11, 16, 14 ], "texture": "#sign" },
				"east": { "uv": [ 2, 11, 3, 14 ], "texture": "#sign" }
			}
		}
	]
}
