{
	"__comment": "Designed by XeKr with Cubik Studio - https://cubik.studio",
	"parent": "block/cube_all",
	"textures": {
		"all": "block/stone",
		"voxels_atlas": "block/black_concrete_powder"
	},
	"elements": [ 	 
		{
			"__comment": "Box1",
			"from": [ 0, 0, 0 ],
			"to": [ 16, 16, 16 ],
			"faces": {
				"down": { "uv": [ 0, 0, 16, 16 ], "texture": "#all" },
				"up": { "uv": [ 0, 0, 16, 16 ], "texture": "#all" },
				"north": { "uv": [ 0, 0, 16, 16 ], "texture": "#all" },
				"south": { "uv": [ 0, 0, 16, 16 ], "texture": "#all" },
				"west": { "uv": [ 0, 0, 16, 16 ], "texture": "#all" },
				"east": { "uv": [ 0, 0, 16, 16 ], "texture": "#all" }
			}
		},
		{
			"__comment": "Voxels",
			"from": [ 3, 16, 5 ],
			"to": [ 4, 16.25, 6 ],
			"faces": {
				"up": { "uv": [ 5, 3, 6, 2 ], "texture": "#voxels_atlas" },
				"north": { "uv": [ 6, 1, 5, 2 ], "texture": "#voxels_atlas" },
				"south": { "uv": [ 5, 0, 6, 1 ], "texture": "#voxels_atlas" },
				"west": { "uv": [ 8, 9, 9, 10 ], "texture": "#voxels_atlas" },
				"east": { "uv": [ 10, 9, 9, 10 ], "texture": "#voxels_atlas" }
			}
		},
		{
			"__comment": "Voxels",
			"from": [ 3, 16, 9 ],
			"to": [ 4, 16.25, 10 ],
			"faces": {
				"up": { "uv": [ 11, 10, 12, 9 ], "texture": "#voxels_atlas" },
				"north": { "uv": [ 7, 4, 6, 5 ], "texture": "#voxels_atlas" },
				"south": { "uv": [ 6, 3, 7, 4 ], "texture": "#voxels_atlas" },
				"west": { "uv": [ 6, 2, 7, 3 ], "texture": "#voxels_atlas" },
				"east": { "uv": [ 7, 1, 6, 2 ], "texture": "#voxels_atlas" }
			}
		},
		{
			"__comment": "Voxels",
			"from": [ 4, 16, 6 ],
			"to": [ 12, 16.25, 7 ],
			"faces": {
				"up": { "uv": [ 8, 16, 16, 15 ], "texture": "#voxels_atlas" },
				"north": { "uv": [ 8, 14, 0, 15 ], "texture": "#voxels_atlas" },
				"south": { "uv": [ 8, 14, 16, 15 ], "texture": "#voxels_atlas" },
				"west": { "uv": [ 9, 7, 10, 8 ], "texture": "#voxels_atlas" },
				"east": { "uv": [ 8, 3, 7, 4 ], "texture": "#voxels_atlas" }
			}
		},
		{
			"__comment": "Voxels",
			"from": [ 4, 16, 7 ],
			"to": [ 6, 16.25, 9 ],
			"faces": {
				"up": { "uv": [ 0, 10, 2, 8 ], "texture": "#voxels_atlas" },
				"south": { "uv": [ 0, 0, 2, 1 ], "texture": "#voxels_atlas" },
				"west": { "uv": [ 2, 11, 4, 12 ], "texture": "#voxels_atlas" },
				"east": { "uv": [ 14, 13, 12, 14 ], "texture": "#voxels_atlas" }
			}
		},
		{
			"__comment": "Voxels",
			"from": [ 5, 16, 4 ],
			"to": [ 6, 16.25, 6 ],
			"faces": {
				"up": { "uv": [ 1, 8, 2, 6 ], "texture": "#voxels_atlas" },
				"north": { "uv": [ 8, 2, 7, 3 ], "texture": "#voxels_atlas" },
				"west": { "uv": [ 14, 13, 16, 14 ], "texture": "#voxels_atlas" },
				"east": { "uv": [ 14, 12, 12, 13 ], "texture": "#voxels_atlas" }
			}
		},
		{
			"__comment": "Voxels",
			"from": [ 5, 16, 9 ],
			"to": [ 7, 16.25, 10 ],
			"faces": {
				"up": { "uv": [ 0, 6, 2, 5 ], "texture": "#voxels_atlas" },
				"north": { "uv": [ 2, 4, 0, 5 ], "texture": "#voxels_atlas" },
				"south": { "uv": [ 0, 3, 2, 4 ], "texture": "#voxels_atlas" },
				"west": { "uv": [ 10, 7, 11, 8 ], "texture": "#voxels_atlas" },
				"east": { "uv": [ 12, 7, 11, 8 ], "texture": "#voxels_atlas" }
			}
		},
		{
			"__comment": "Voxels",
			"from": [ 5, 16, 11 ],
			"to": [ 6, 16.25, 12 ],
			"faces": {
				"up": { "uv": [ 13, 8, 14, 7 ], "texture": "#voxels_atlas" },
				"north": { "uv": [ 5, 7, 4, 8 ], "texture": "#voxels_atlas" },
				"south": { "uv": [ 4, 6, 5, 7 ], "texture": "#voxels_atlas" },
				"west": { "uv": [ 4, 5, 5, 6 ], "texture": "#voxels_atlas" },
				"east": { "uv": [ 5, 4, 4, 5 ], "texture": "#voxels_atlas" }
			}
		},
		{
			"__comment": "Voxels",
			"from": [ 6, 16, 3 ],
			"to": [ 7, 16.25, 4 ],
			"faces": {
				"up": { "uv": [ 4, 3, 5, 2 ], "texture": "#voxels_atlas" },
				"north": { "uv": [ 5, 1, 4, 2 ], "texture": "#voxels_atlas" },
				"south": { "uv": [ 4, 0, 5, 1 ], "texture": "#voxels_atlas" },
				"west": { "uv": [ 15, 11, 16, 12 ], "texture": "#voxels_atlas" },
				"east": { "uv": [ 8, 10, 7, 11 ], "texture": "#voxels_atlas" }
			}
		},
		{
			"__comment": "Voxels",
			"from": [ 6, 16, 8 ],
			"to": [ 12, 16.25, 9 ],
			"faces": {
				"up": { "uv": [ 6, 13, 12, 12 ], "texture": "#voxels_atlas" },
				"north": { "uv": [ 12, 13, 6, 14 ], "texture": "#voxels_atlas" },
				"south": { "uv": [ 0, 12, 6, 13 ], "texture": "#voxels_atlas" },
				"east": { "uv": [ 10, 10, 9, 11 ], "texture": "#voxels_atlas" }
			}
		},
		{
			"__comment": "Voxels",
			"from": [ 6, 16, 10 ],
			"to": [ 7, 16.25, 11 ],
			"faces": {
				"up": { "uv": [ 11, 11, 12, 10 ], "texture": "#voxels_atlas" },
				"south": { "uv": [ 13, 10, 14, 11 ], "texture": "#voxels_atlas" },
				"west": { "uv": [ 14, 10, 15, 11 ], "texture": "#voxels_atlas" },
				"east": { "uv": [ 16, 10, 15, 11 ], "texture": "#voxels_atlas" }
			}
		},
		{
			"__comment": "Voxels",
			"from": [ 6, 16, 12 ],
			"to": [ 7, 16.25, 13 ],
			"faces": {
				"up": { "uv": [ 5, 9, 6, 8 ], "texture": "#voxels_atlas" },
				"north": { "uv": [ 6, 7, 5, 8 ], "texture": "#voxels_atlas" },
				"south": { "uv": [ 5, 6, 6, 7 ], "texture": "#voxels_atlas" },
				"west": { "uv": [ 5, 5, 6, 6 ], "texture": "#voxels_atlas" },
				"east": { "uv": [ 6, 4, 5, 5 ], "texture": "#voxels_atlas" }
			}
		},
		{
			"__comment": "Voxels",
			"from": [ 7, 16, 5 ],
			"to": [ 9, 16.25, 6 ],
			"faces": {
				"up": { "uv": [ 2, 11, 4, 10 ], "texture": "#voxels_atlas" },
				"north": { "uv": [ 4, 9, 2, 10 ], "texture": "#voxels_atlas" },
				"west": { "uv": [ 6, 9, 7, 10 ], "texture": "#voxels_atlas" },
				"east": { "uv": [ 8, 9, 7, 10 ], "texture": "#voxels_atlas" }
			}
		},
		{
			"__comment": "Voxels",
			"from": [ 7, 16, 7 ],
			"to": [ 9, 16.25, 8 ],
			"faces": {
				"up": { "uv": [ 2, 7, 4, 6 ], "texture": "#voxels_atlas" },
				"west": { "uv": [ 12, 9, 13, 10 ], "texture": "#voxels_atlas" },
				"east": { "uv": [ 14, 9, 13, 10 ], "texture": "#voxels_atlas" }
			}
		},
		{
			"__comment": "Voxels",
			"from": [ 9, 16, 3 ],
			"to": [ 10, 16.25, 4 ],
			"faces": {
				"up": { "uv": [ 15, 10, 16, 9 ], "texture": "#voxels_atlas" },
				"north": { "uv": [ 7, 8, 6, 9 ], "texture": "#voxels_atlas" },
				"south": { "uv": [ 6, 7, 7, 8 ], "texture": "#voxels_atlas" },
				"west": { "uv": [ 6, 6, 7, 7 ], "texture": "#voxels_atlas" },
				"east": { "uv": [ 7, 5, 6, 6 ], "texture": "#voxels_atlas" }
			}
		},
		{
			"__comment": "Voxels",
			"from": [ 9, 16, 9 ],
			"to": [ 11, 16.25, 10 ],
			"faces": {
				"up": { "uv": [ 2, 3, 4, 2 ], "texture": "#voxels_atlas" },
				"south": { "uv": [ 2, 0, 4, 1 ], "texture": "#voxels_atlas" },
				"west": { "uv": [ 6, 0, 7, 1 ], "texture": "#voxels_atlas" },
				"east": { "uv": [ 8, 8, 7, 9 ], "texture": "#voxels_atlas" }
			}
		},
		{
			"__comment": "Voxels",
			"from": [ 9, 16, 10 ],
			"to": [ 10, 16.25, 11 ],
			"faces": {
				"up": { "uv": [ 9, 9, 10, 8 ], "texture": "#voxels_atlas" },
				"south": { "uv": [ 11, 8, 12, 9 ], "texture": "#voxels_atlas" },
				"west": { "uv": [ 12, 8, 13, 9 ], "texture": "#voxels_atlas" },
				"east": { "uv": [ 14, 8, 13, 9 ], "texture": "#voxels_atlas" }
			}
		},
		{
			"__comment": "Voxels",
			"from": [ 9, 16, 12 ],
			"to": [ 10, 16.25, 13 ],
			"faces": {
				"up": { "uv": [ 15, 9, 16, 8 ], "texture": "#voxels_atlas" },
				"north": { "uv": [ 8, 7, 7, 8 ], "texture": "#voxels_atlas" },
				"south": { "uv": [ 7, 6, 8, 7 ], "texture": "#voxels_atlas" },
				"west": { "uv": [ 7, 5, 8, 6 ], "texture": "#voxels_atlas" },
				"east": { "uv": [ 8, 4, 7, 5 ], "texture": "#voxels_atlas" }
			}
		},
		{
			"__comment": "Voxels",
			"from": [ 10, 16, 4 ],
			"to": [ 11, 16.25, 6 ],
			"faces": {
				"up": { "uv": [ 4, 10, 5, 8 ], "texture": "#voxels_atlas" },
				"north": { "uv": [ 8, 1, 7, 2 ], "texture": "#voxels_atlas" },
				"west": { "uv": [ 5, 11, 7, 12 ], "texture": "#voxels_atlas" },
				"east": { "uv": [ 9, 11, 7, 12 ], "texture": "#voxels_atlas" }
			}
		},
		{
			"__comment": "Voxels",
			"from": [ 10, 16, 7 ],
			"to": [ 12, 16.25, 8 ],
			"faces": {
				"up": { "uv": [ 11, 12, 13, 11 ], "texture": "#voxels_atlas" },
				"west": { "uv": [ 14, 7, 15, 8 ], "texture": "#voxels_atlas" },
				"east": { "uv": [ 16, 7, 15, 8 ], "texture": "#voxels_atlas" }
			}
		},
		{
			"__comment": "Voxels",
			"from": [ 10, 16, 11 ],
			"to": [ 11, 16.25, 12 ],
			"faces": {
				"up": { "uv": [ 8, 6, 9, 5 ], "texture": "#voxels_atlas" },
				"north": { "uv": [ 9, 4, 8, 5 ], "texture": "#voxels_atlas" },
				"south": { "uv": [ 8, 3, 9, 4 ], "texture": "#voxels_atlas" },
				"west": { "uv": [ 8, 2, 9, 3 ], "texture": "#voxels_atlas" },
				"east": { "uv": [ 9, 1, 8, 2 ], "texture": "#voxels_atlas" }
			}
		},
		{
			"__comment": "Voxels",
			"from": [ 12, 16, 5 ],
			"to": [ 13, 16.25, 6 ],
			"faces": {
				"up": { "uv": [ 9, 7, 10, 6 ], "texture": "#voxels_atlas" },
				"north": { "uv": [ 11, 6, 10, 7 ], "texture": "#voxels_atlas" },
				"south": { "uv": [ 11, 6, 12, 7 ], "texture": "#voxels_atlas" },
				"west": { "uv": [ 12, 6, 13, 7 ], "texture": "#voxels_atlas" },
				"east": { "uv": [ 14, 6, 13, 7 ], "texture": "#voxels_atlas" }
			}
		},
		{
			"__comment": "Voxels",
			"from": [ 12, 16, 9 ],
			"to": [ 13, 16.25, 10 ],
			"faces": {
				"up": { "uv": [ 15, 7, 16, 6 ], "texture": "#voxels_atlas" },
				"north": { "uv": [ 10, 5, 9, 6 ], "texture": "#voxels_atlas" },
				"south": { "uv": [ 9, 4, 10, 5 ], "texture": "#voxels_atlas" },
				"west": { "uv": [ 9, 3, 10, 4 ], "texture": "#voxels_atlas" },
				"east": { "uv": [ 10, 2, 9, 3 ], "texture": "#voxels_atlas" }
			}
		},
		{
			"__comment": "Voxels",
			"from": [ 3, -0.25, 5 ],
			"to": [ 4, 0, 6 ],
			"faces": {
				"down": { "uv": [ 5, 3, 6, 4 ], "texture": "#voxels_atlas" },
				"north": { "uv": [ 6, 1, 5, 2 ], "texture": "#voxels_atlas" },
				"south": { "uv": [ 5, 0, 6, 1 ], "texture": "#voxels_atlas" },
				"west": { "uv": [ 8, 9, 9, 10 ], "texture": "#voxels_atlas" },
				"east": { "uv": [ 10, 9, 9, 10 ], "texture": "#voxels_atlas" }
			}
		},
		{
			"__comment": "Voxels",
			"from": [ 3, -0.25, 9 ],
			"to": [ 4, 0, 10 ],
			"faces": {
				"down": { "uv": [ 10, 9, 11, 10 ], "texture": "#voxels_atlas" },
				"north": { "uv": [ 7, 4, 6, 5 ], "texture": "#voxels_atlas" },
				"south": { "uv": [ 6, 3, 7, 4 ], "texture": "#voxels_atlas" },
				"west": { "uv": [ 6, 2, 7, 3 ], "texture": "#voxels_atlas" },
				"east": { "uv": [ 7, 1, 6, 2 ], "texture": "#voxels_atlas" }
			}
		},
		{
			"__comment": "Voxels",
			"from": [ 4, -0.25, 6 ],
			"to": [ 12, 0, 7 ],
			"faces": {
				"down": { "uv": [ 0, 15, 8, 16 ], "texture": "#voxels_atlas" },
				"north": { "uv": [ 8, 14, 0, 15 ], "texture": "#voxels_atlas" },
				"south": { "uv": [ 8, 14, 16, 15 ], "texture": "#voxels_atlas" },
				"west": { "uv": [ 9, 7, 10, 8 ], "texture": "#voxels_atlas" },
				"east": { "uv": [ 8, 3, 7, 4 ], "texture": "#voxels_atlas" }
			}
		},
		{
			"__comment": "Voxels",
			"from": [ 4, -0.25, 7 ],
			"to": [ 6, 0, 9 ],
			"faces": {
				"down": { "uv": [ 0, 10, 2, 12 ], "texture": "#voxels_atlas" },
				"south": { "uv": [ 0, 0, 2, 1 ], "texture": "#voxels_atlas" },
				"west": { "uv": [ 2, 11, 4, 12 ], "texture": "#voxels_atlas" },
				"east": { "uv": [ 14, 13, 12, 14 ], "texture": "#voxels_atlas" }
			}
		},
		{
			"__comment": "Voxels",
			"from": [ 5, -0.25, 4 ],
			"to": [ 6, 0, 6 ],
			"faces": {
				"down": { "uv": [ 0, 6, 1, 8 ], "texture": "#voxels_atlas" },
				"north": { "uv": [ 8, 2, 7, 3 ], "texture": "#voxels_atlas" },
				"west": { "uv": [ 14, 13, 16, 14 ], "texture": "#voxels_atlas" },
				"east": { "uv": [ 14, 12, 12, 13 ], "texture": "#voxels_atlas" }
			}
		},
		{
			"__comment": "Voxels",
			"from": [ 5, -0.25, 9 ],
			"to": [ 7, 0, 10 ],
			"faces": {
				"down": { "uv": [ 14, 12, 16, 13 ], "texture": "#voxels_atlas" },
				"north": { "uv": [ 2, 4, 0, 5 ], "texture": "#voxels_atlas" },
				"south": { "uv": [ 0, 3, 2, 4 ], "texture": "#voxels_atlas" },
				"west": { "uv": [ 10, 7, 11, 8 ], "texture": "#voxels_atlas" },
				"east": { "uv": [ 12, 7, 11, 8 ], "texture": "#voxels_atlas" }
			}
		},
		{
			"__comment": "Voxels",
			"from": [ 6, -0.25, 3 ],
			"to": [ 7, 0, 4 ],
			"faces": {
				"down": { "uv": [ 4, 3, 5, 4 ], "texture": "#voxels_atlas" },
				"north": { "uv": [ 5, 1, 4, 2 ], "texture": "#voxels_atlas" },
				"south": { "uv": [ 4, 0, 5, 1 ], "texture": "#voxels_atlas" },
				"west": { "uv": [ 15, 11, 16, 12 ], "texture": "#voxels_atlas" },
				"east": { "uv": [ 8, 10, 7, 11 ], "texture": "#voxels_atlas" }
			}
		},
		{
			"__comment": "Voxels",
			"from": [ 6, -0.25, 8 ],
			"to": [ 12, 0, 9 ],
			"faces": {
				"down": { "uv": [ 0, 13, 6, 14 ], "texture": "#voxels_atlas" },
				"north": { "uv": [ 12, 13, 6, 14 ], "texture": "#voxels_atlas" },
				"south": { "uv": [ 0, 12, 6, 13 ], "texture": "#voxels_atlas" },
				"east": { "uv": [ 10, 10, 9, 11 ], "texture": "#voxels_atlas" }
			}
		},
		{
			"__comment": "Voxels",
			"from": [ 6, -0.25, 10 ],
			"to": [ 7, 0, 11 ],
			"faces": {
				"down": { "uv": [ 10, 10, 11, 11 ], "texture": "#voxels_atlas" },
				"south": { "uv": [ 13, 10, 14, 11 ], "texture": "#voxels_atlas" },
				"west": { "uv": [ 14, 10, 15, 11 ], "texture": "#voxels_atlas" },
				"east": { "uv": [ 16, 10, 15, 11 ], "texture": "#voxels_atlas" }
			}
		},
		{
			"__comment": "Voxels",
			"from": [ 7, -0.25, 5 ],
			"to": [ 9, 0, 6 ],
			"faces": {
				"down": { "uv": [ 0, 2, 2, 3 ], "texture": "#voxels_atlas" },
				"north": { "uv": [ 4, 9, 2, 10 ], "texture": "#voxels_atlas" },
				"west": { "uv": [ 6, 9, 7, 10 ], "texture": "#voxels_atlas" },
				"east": { "uv": [ 8, 9, 7, 10 ], "texture": "#voxels_atlas" }
			}
		},
		{
			"__comment": "Voxels",
			"from": [ 7, -0.25, 7 ],
			"to": [ 9, 0, 8 ],
			"faces": {
				"down": { "uv": [ 2, 7, 4, 8 ], "texture": "#voxels_atlas" },
				"west": { "uv": [ 12, 9, 13, 10 ], "texture": "#voxels_atlas" },
				"east": { "uv": [ 14, 9, 13, 10 ], "texture": "#voxels_atlas" }
			}
		},
		{
			"__comment": "Voxels",
			"from": [ 9, -0.25, 3 ],
			"to": [ 10, 0, 4 ],
			"faces": {
				"down": { "uv": [ 14, 9, 15, 10 ], "texture": "#voxels_atlas" },
				"north": { "uv": [ 7, 8, 6, 9 ], "texture": "#voxels_atlas" },
				"south": { "uv": [ 6, 7, 7, 8 ], "texture": "#voxels_atlas" },
				"west": { "uv": [ 6, 6, 7, 7 ], "texture": "#voxels_atlas" },
				"east": { "uv": [ 7, 5, 6, 6 ], "texture": "#voxels_atlas" }
			}
		},
		{
			"__comment": "Voxels",
			"from": [ 9, -0.25, 9 ],
			"to": [ 11, 0, 10 ],
			"faces": {
				"down": { "uv": [ 2, 3, 4, 4 ], "texture": "#voxels_atlas" },
				"south": { "uv": [ 2, 0, 4, 1 ], "texture": "#voxels_atlas" },
				"west": { "uv": [ 6, 0, 7, 1 ], "texture": "#voxels_atlas" },
				"east": { "uv": [ 8, 8, 7, 9 ], "texture": "#voxels_atlas" }
			}
		},
		{
			"__comment": "Voxels",
			"from": [ 9, -0.25, 10 ],
			"to": [ 10, 0, 11 ],
			"faces": {
				"down": { "uv": [ 8, 8, 9, 9 ], "texture": "#voxels_atlas" },
				"south": { "uv": [ 11, 8, 12, 9 ], "texture": "#voxels_atlas" },
				"west": { "uv": [ 12, 8, 13, 9 ], "texture": "#voxels_atlas" },
				"east": { "uv": [ 14, 8, 13, 9 ], "texture": "#voxels_atlas" }
			}
		},
		{
			"__comment": "Voxels",
			"from": [ 10, -0.25, 4 ],
			"to": [ 11, 0, 6 ],
			"faces": {
				"down": { "uv": [ 4, 10, 5, 12 ], "texture": "#voxels_atlas" },
				"north": { "uv": [ 8, 1, 7, 2 ], "texture": "#voxels_atlas" },
				"west": { "uv": [ 5, 11, 7, 12 ], "texture": "#voxels_atlas" },
				"east": { "uv": [ 9, 11, 7, 12 ], "texture": "#voxels_atlas" }
			}
		},
		{
			"__comment": "Voxels",
			"from": [ 10, -0.25, 7 ],
			"to": [ 12, 0, 8 ],
			"faces": {
				"down": { "uv": [ 9, 11, 11, 12 ], "texture": "#voxels_atlas" },
				"west": { "uv": [ 14, 7, 15, 8 ], "texture": "#voxels_atlas" },
				"east": { "uv": [ 16, 7, 15, 8 ], "texture": "#voxels_atlas" }
			}
		},
		{
			"__comment": "Voxels",
			"from": [ 12, -0.25, 5 ],
			"to": [ 13, 0, 6 ],
			"faces": {
				"down": { "uv": [ 8, 0, 9, 1 ], "texture": "#voxels_atlas" },
				"north": { "uv": [ 11, 6, 10, 7 ], "texture": "#voxels_atlas" },
				"south": { "uv": [ 11, 6, 12, 7 ], "texture": "#voxels_atlas" },
				"west": { "uv": [ 12, 6, 13, 7 ], "texture": "#voxels_atlas" },
				"east": { "uv": [ 14, 6, 13, 7 ], "texture": "#voxels_atlas" }
			}
		},
		{
			"__comment": "Voxels",
			"from": [ 12, -0.25, 9 ],
			"to": [ 13, 0, 10 ],
			"faces": {
				"down": { "uv": [ 14, 6, 15, 7 ], "texture": "#voxels_atlas" },
				"north": { "uv": [ 10, 5, 9, 6 ], "texture": "#voxels_atlas" },
				"south": { "uv": [ 9, 4, 10, 5 ], "texture": "#voxels_atlas" },
				"west": { "uv": [ 9, 3, 10, 4 ], "texture": "#voxels_atlas" },
				"east": { "uv": [ 10, 2, 9, 3 ], "texture": "#voxels_atlas" }
			}
		},
		{
			"__comment": "Voxels",
			"from": [ 5, -0.25, 11 ],
			"to": [ 6, 0, 12 ],
			"faces": {
				"down": { "uv": [ 12, 7, 13, 8 ], "texture": "#voxels_atlas" },
				"north": { "uv": [ 5, 7, 4, 8 ], "texture": "#voxels_atlas" },
				"south": { "uv": [ 4, 6, 5, 7 ], "texture": "#voxels_atlas" },
				"west": { "uv": [ 4, 5, 5, 6 ], "texture": "#voxels_atlas" },
				"east": { "uv": [ 5, 4, 4, 5 ], "texture": "#voxels_atlas" }
			}
		},
		{
			"__comment": "Voxels",
			"from": [ 6, -0.25, 12 ],
			"to": [ 7, 0, 13 ],
			"faces": {
				"down": { "uv": [ 5, 9, 6, 10 ], "texture": "#voxels_atlas" },
				"north": { "uv": [ 6, 7, 5, 8 ], "texture": "#voxels_atlas" },
				"south": { "uv": [ 5, 6, 6, 7 ], "texture": "#voxels_atlas" },
				"west": { "uv": [ 5, 5, 6, 6 ], "texture": "#voxels_atlas" },
				"east": { "uv": [ 6, 4, 5, 5 ], "texture": "#voxels_atlas" }
			}
		},
		{
			"__comment": "Voxels",
			"from": [ 9, -0.25, 12 ],
			"to": [ 10, 0, 13 ],
			"faces": {
				"down": { "uv": [ 14, 8, 15, 9 ], "texture": "#voxels_atlas" },
				"north": { "uv": [ 8, 7, 7, 8 ], "texture": "#voxels_atlas" },
				"south": { "uv": [ 7, 6, 8, 7 ], "texture": "#voxels_atlas" },
				"west": { "uv": [ 7, 5, 8, 6 ], "texture": "#voxels_atlas" },
				"east": { "uv": [ 8, 4, 7, 5 ], "texture": "#voxels_atlas" }
			}
		},
		{
			"__comment": "Voxels",
			"from": [ 10, -0.25, 11 ],
			"to": [ 11, 0, 12 ],
			"faces": {
				"down": { "uv": [ 8, 6, 9, 7 ], "texture": "#voxels_atlas" },
				"north": { "uv": [ 9, 4, 8, 5 ], "texture": "#voxels_atlas" },
				"south": { "uv": [ 8, 3, 9, 4 ], "texture": "#voxels_atlas" },
				"west": { "uv": [ 8, 2, 9, 3 ], "texture": "#voxels_atlas" },
				"east": { "uv": [ 9, 1, 8, 2 ], "texture": "#voxels_atlas" }
			}
		},
		{
			"__comment": "Voxels",
			"from": [ 3, 10, 16 ],
			"to": [ 4, 11, 16.25 ],
			"faces": {
				"down": { "uv": [ 5, 0, 6, 1 ], "texture": "#voxels_atlas" },
				"up": { "uv": [ 5, 2, 6, 1 ], "texture": "#voxels_atlas" },
				"south": { "uv": [ 5, 3, 6, 2 ], "texture": "#voxels_atlas" },
				"west": { "uv": [ 8, 9, 9, 10 ], "texture": "#voxels_atlas", "rotation": 90 },
				"east": { "uv": [ 10, 9, 9, 10 ], "texture": "#voxels_atlas", "rotation": 270 }
			}
		},
		{
			"__comment": "Voxels",
			"from": [ 4, 9, 16 ],
			"to": [ 12, 10, 16.25 ],
			"faces": {
				"down": { "uv": [ 8, 14, 16, 15 ], "texture": "#voxels_atlas" },
				"up": { "uv": [ 0, 15, 8, 14 ], "texture": "#voxels_atlas" },
				"south": { "uv": [ 8, 16, 16, 15 ], "texture": "#voxels_atlas" },
				"west": { "uv": [ 9, 7, 10, 8 ], "texture": "#voxels_atlas", "rotation": 90 },
				"east": { "uv": [ 8, 3, 7, 4 ], "texture": "#voxels_atlas", "rotation": 270 }
			}
		},
		{
			"__comment": "Voxels",
			"from": [ 4, 7, 16 ],
			"to": [ 6, 9, 16.25 ],
			"faces": {
				"down": { "uv": [ 0, 0, 2, 1 ], "texture": "#voxels_atlas" },
				"south": { "uv": [ 0, 10, 2, 8 ], "texture": "#voxels_atlas" },
				"west": { "uv": [ 2, 11, 4, 12 ], "texture": "#voxels_atlas", "rotation": 90 },
				"east": { "uv": [ 14, 13, 12, 14 ], "texture": "#voxels_atlas", "rotation": 270 }
			}
		},
		{
			"__comment": "Voxels",
			"from": [ 5, 10, 16 ],
			"to": [ 6, 12, 16.25 ],
			"faces": {
				"up": { "uv": [ 7, 3, 8, 2 ], "texture": "#voxels_atlas" },
				"south": { "uv": [ 1, 8, 2, 6 ], "texture": "#voxels_atlas" },
				"west": { "uv": [ 14, 13, 16, 14 ], "texture": "#voxels_atlas", "rotation": 90 },
				"east": { "uv": [ 14, 12, 12, 13 ], "texture": "#voxels_atlas", "rotation": 270 }
			}
		},
		{
			"__comment": "Voxels",
			"from": [ 6, 12, 16 ],
			"to": [ 7, 13, 16.25 ],
			"faces": {
				"down": { "uv": [ 4, 0, 5, 1 ], "texture": "#voxels_atlas" },
				"up": { "uv": [ 4, 2, 5, 1 ], "texture": "#voxels_atlas" },
				"south": { "uv": [ 4, 3, 5, 2 ], "texture": "#voxels_atlas" },
				"west": { "uv": [ 15, 11, 16, 12 ], "texture": "#voxels_atlas", "rotation": 90 },
				"east": { "uv": [ 8, 10, 7, 11 ], "texture": "#voxels_atlas", "rotation": 270 }
			}
		},
		{
			"__comment": "Voxels",
			"from": [ 6, 7, 16 ],
			"to": [ 12, 8, 16.25 ],
			"faces": {
				"down": { "uv": [ 0, 12, 6, 13 ], "texture": "#voxels_atlas" },
				"up": { "uv": [ 6, 14, 12, 13 ], "texture": "#voxels_atlas" },
				"south": { "uv": [ 6, 13, 12, 12 ], "texture": "#voxels_atlas" },
				"east": { "uv": [ 10, 10, 9, 11 ], "texture": "#voxels_atlas", "rotation": 270 }
			}
		},
		{
			"__comment": "Voxels",
			"from": [ 7, 10, 16 ],
			"to": [ 9, 11, 16.25 ],
			"faces": {
				"up": { "uv": [ 2, 10, 4, 9 ], "texture": "#voxels_atlas" },
				"south": { "uv": [ 2, 11, 4, 10 ], "texture": "#voxels_atlas" },
				"west": { "uv": [ 6, 9, 7, 10 ], "texture": "#voxels_atlas", "rotation": 90 },
				"east": { "uv": [ 8, 9, 7, 10 ], "texture": "#voxels_atlas", "rotation": 270 }
			}
		},
		{
			"__comment": "Voxels",
			"from": [ 7, 8, 16 ],
			"to": [ 9, 9, 16.25 ],
			"faces": {
				"south": { "uv": [ 2, 7, 4, 6 ], "texture": "#voxels_atlas" },
				"west": { "uv": [ 12, 9, 13, 10 ], "texture": "#voxels_atlas", "rotation": 90 },
				"east": { "uv": [ 14, 9, 13, 10 ], "texture": "#voxels_atlas", "rotation": 270 }
			}
		},
		{
			"__comment": "Voxels",
			"from": [ 9, 12, 16 ],
			"to": [ 10, 13, 16.25 ],
			"faces": {
				"down": { "uv": [ 6, 7, 7, 8 ], "texture": "#voxels_atlas" },
				"up": { "uv": [ 6, 9, 7, 8 ], "texture": "#voxels_atlas" },
				"south": { "uv": [ 15, 10, 16, 9 ], "texture": "#voxels_atlas" },
				"west": { "uv": [ 6, 6, 7, 7 ], "texture": "#voxels_atlas", "rotation": 90 },
				"east": { "uv": [ 7, 5, 6, 6 ], "texture": "#voxels_atlas", "rotation": 270 }
			}
		},
		{
			"__comment": "Voxels",
			"from": [ 10, 10, 16 ],
			"to": [ 11, 12, 16.25 ],
			"faces": {
				"up": { "uv": [ 7, 2, 8, 1 ], "texture": "#voxels_atlas" },
				"south": { "uv": [ 4, 10, 5, 8 ], "texture": "#voxels_atlas" },
				"west": { "uv": [ 5, 11, 7, 12 ], "texture": "#voxels_atlas", "rotation": 90 },
				"east": { "uv": [ 9, 11, 7, 12 ], "texture": "#voxels_atlas", "rotation": 270 }
			}
		},
		{
			"__comment": "Voxels",
			"from": [ 10, 8, 16 ],
			"to": [ 12, 9, 16.25 ],
			"faces": {
				"south": { "uv": [ 11, 12, 13, 11 ], "texture": "#voxels_atlas" },
				"west": { "uv": [ 14, 7, 15, 8 ], "texture": "#voxels_atlas", "rotation": 90 },
				"east": { "uv": [ 16, 7, 15, 8 ], "texture": "#voxels_atlas", "rotation": 270 }
			}
		},
		{
			"__comment": "Voxels",
			"from": [ 12, 10, 16 ],
			"to": [ 13, 11, 16.25 ],
			"faces": {
				"down": { "uv": [ 11, 6, 12, 7 ], "texture": "#voxels_atlas" },
				"up": { "uv": [ 10, 7, 11, 6 ], "texture": "#voxels_atlas" },
				"south": { "uv": [ 9, 7, 10, 6 ], "texture": "#voxels_atlas" },
				"west": { "uv": [ 12, 6, 13, 7 ], "texture": "#voxels_atlas", "rotation": 90 },
				"east": { "uv": [ 14, 6, 13, 7 ], "texture": "#voxels_atlas", "rotation": 270 }
			}
		},
		{
			"__comment": "Voxels",
			"from": [ 3, 6, 16 ],
			"to": [ 4, 7, 16.25 ],
			"faces": {
				"down": { "uv": [ 6, 3, 7, 4 ], "texture": "#voxels_atlas" },
				"up": { "uv": [ 6, 5, 7, 4 ], "texture": "#voxels_atlas" },
				"south": { "uv": [ 11, 10, 12, 9 ], "texture": "#voxels_atlas" },
				"west": { "uv": [ 6, 2, 7, 3 ], "texture": "#voxels_atlas", "rotation": 90 },
				"east": { "uv": [ 7, 1, 6, 2 ], "texture": "#voxels_atlas", "rotation": 270 }
			}
		},
		{
			"__comment": "Voxels",
			"from": [ 5, 6, 16 ],
			"to": [ 7, 7, 16.25 ],
			"faces": {
				"down": { "uv": [ 0, 3, 2, 4 ], "texture": "#voxels_atlas" },
				"up": { "uv": [ 0, 5, 2, 4 ], "texture": "#voxels_atlas" },
				"south": { "uv": [ 0, 6, 2, 5 ], "texture": "#voxels_atlas" },
				"west": { "uv": [ 10, 7, 11, 8 ], "texture": "#voxels_atlas", "rotation": 90 },
				"east": { "uv": [ 12, 7, 11, 8 ], "texture": "#voxels_atlas", "rotation": 270 }
			}
		},
		{
			"__comment": "Voxels",
			"from": [ 9, 6, 16 ],
			"to": [ 11, 7, 16.25 ],
			"faces": {
				"down": { "uv": [ 2, 0, 4, 1 ], "texture": "#voxels_atlas" },
				"south": { "uv": [ 2, 3, 4, 2 ], "texture": "#voxels_atlas" },
				"west": { "uv": [ 6, 0, 7, 1 ], "texture": "#voxels_atlas", "rotation": 90 },
				"east": { "uv": [ 8, 8, 7, 9 ], "texture": "#voxels_atlas", "rotation": 270 }
			}
		},
		{
			"__comment": "Voxels",
			"from": [ 12, 6, 16 ],
			"to": [ 13, 7, 16.25 ],
			"faces": {
				"down": { "uv": [ 9, 4, 10, 5 ], "texture": "#voxels_atlas" },
				"up": { "uv": [ 9, 6, 10, 5 ], "texture": "#voxels_atlas" },
				"south": { "uv": [ 15, 7, 16, 6 ], "texture": "#voxels_atlas" },
				"west": { "uv": [ 9, 3, 10, 4 ], "texture": "#voxels_atlas", "rotation": 90 },
				"east": { "uv": [ 10, 2, 9, 3 ], "texture": "#voxels_atlas", "rotation": 270 }
			}
		},
		{
			"__comment": "Voxels",
			"from": [ 6, 5, 16.0004 ],
			"to": [ 7, 6, 16.2504 ],
			"faces": {
				"down": { "uv": [ 13, 10, 14, 11 ], "texture": "#voxels_atlas" },
				"south": { "uv": [ 11, 11, 12, 10 ], "texture": "#voxels_atlas" },
				"west": { "uv": [ 14, 10, 15, 11 ], "texture": "#voxels_atlas", "rotation": 90 },
				"east": { "uv": [ 16, 10, 15, 11 ], "texture": "#voxels_atlas", "rotation": 270 }
			}
		},
		{
			"__comment": "Voxels",
			"from": [ 9, 5, 16.0004 ],
			"to": [ 10, 6, 16.2504 ],
			"faces": {
				"down": { "uv": [ 11, 8, 12, 9 ], "texture": "#voxels_atlas" },
				"south": { "uv": [ 9, 9, 10, 8 ], "texture": "#voxels_atlas" },
				"west": { "uv": [ 12, 8, 13, 9 ], "texture": "#voxels_atlas", "rotation": 90 },
				"east": { "uv": [ 14, 8, 13, 9 ], "texture": "#voxels_atlas", "rotation": 270 }
			}
		},
		{
			"__comment": "Voxels",
			"from": [ 5, 4, 16.0004 ],
			"to": [ 6, 5, 16.2504 ],
			"faces": {
				"down": { "uv": [ 4, 6, 5, 7 ], "texture": "#voxels_atlas" },
				"up": { "uv": [ 4, 8, 5, 7 ], "texture": "#voxels_atlas" },
				"south": { "uv": [ 13, 8, 14, 7 ], "texture": "#voxels_atlas" },
				"west": { "uv": [ 4, 5, 5, 6 ], "texture": "#voxels_atlas", "rotation": 90 },
				"east": { "uv": [ 5, 4, 4, 5 ], "texture": "#voxels_atlas", "rotation": 270 }
			}
		},
		{
			"__comment": "Voxels",
			"from": [ 10, 4, 16.0004 ],
			"to": [ 11, 5, 16.2504 ],
			"faces": {
				"down": { "uv": [ 8, 3, 9, 4 ], "texture": "#voxels_atlas" },
				"up": { "uv": [ 8, 5, 9, 4 ], "texture": "#voxels_atlas" },
				"south": { "uv": [ 8, 6, 9, 5 ], "texture": "#voxels_atlas" },
				"west": { "uv": [ 8, 2, 9, 3 ], "texture": "#voxels_atlas", "rotation": 90 },
				"east": { "uv": [ 9, 1, 8, 2 ], "texture": "#voxels_atlas", "rotation": 270 }
			}
		},
		{
			"__comment": "Voxels",
			"from": [ 6, 3, 16.0004 ],
			"to": [ 7, 4, 16.2504 ],
			"faces": {
				"down": { "uv": [ 5, 6, 6, 7 ], "texture": "#voxels_atlas" },
				"up": { "uv": [ 5, 8, 6, 7 ], "texture": "#voxels_atlas" },
				"south": { "uv": [ 5, 9, 6, 8 ], "texture": "#voxels_atlas" },
				"west": { "uv": [ 5, 5, 6, 6 ], "texture": "#voxels_atlas", "rotation": 90 },
				"east": { "uv": [ 6, 4, 5, 5 ], "texture": "#voxels_atlas", "rotation": 270 }
			}
		},
		{
			"__comment": "Voxels",
			"from": [ 9, 3, 16.0004 ],
			"to": [ 10, 4, 16.2504 ],
			"faces": {
				"down": { "uv": [ 7, 6, 8, 7 ], "texture": "#voxels_atlas" },
				"up": { "uv": [ 7, 8, 8, 7 ], "texture": "#voxels_atlas" },
				"south": { "uv": [ 15, 9, 16, 8 ], "texture": "#voxels_atlas" },
				"west": { "uv": [ 7, 5, 8, 6 ], "texture": "#voxels_atlas", "rotation": 90 },
				"east": { "uv": [ 8, 4, 7, 5 ], "texture": "#voxels_atlas", "rotation": 270 }
			}
		},
		{
			"__comment": "Voxels",
			"from": [ 3, 10, -0.25 ],
			"to": [ 4, 11, 0 ],
			"faces": {
				"down": { "uv": [ 5, 0, 6, 1 ], "texture": "#voxels_atlas" },
				"up": { "uv": [ 5, 2, 6, 1 ], "texture": "#voxels_atlas" },
				"north": { "uv": [ 6, 4, 5, 3 ], "texture": "#voxels_atlas" },
				"west": { "uv": [ 8, 9, 9, 10 ], "texture": "#voxels_atlas", "rotation": 90 },
				"east": { "uv": [ 10, 9, 9, 10 ], "texture": "#voxels_atlas", "rotation": 270 }
			}
		},
		{
			"__comment": "Voxels",
			"from": [ 4, 9, -0.25 ],
			"to": [ 12, 10, 0 ],
			"faces": {
				"down": { "uv": [ 8, 14, 16, 15 ], "texture": "#voxels_atlas" },
				"up": { "uv": [ 0, 15, 8, 14 ], "texture": "#voxels_atlas" },
				"north": { "uv": [ 8, 16, 0, 15 ], "texture": "#voxels_atlas" },
				"west": { "uv": [ 9, 7, 10, 8 ], "texture": "#voxels_atlas", "rotation": 90 },
				"east": { "uv": [ 8, 3, 7, 4 ], "texture": "#voxels_atlas", "rotation": 270 }
			}
		},
		{
			"__comment": "Voxels",
			"from": [ 4, 7, -0.25 ],
			"to": [ 6, 9, 0 ],
			"faces": {
				"down": { "uv": [ 0, 0, 2, 1 ], "texture": "#voxels_atlas" },
				"north": { "uv": [ 2, 12, 0, 10 ], "texture": "#voxels_atlas" },
				"west": { "uv": [ 2, 11, 4, 12 ], "texture": "#voxels_atlas", "rotation": 90 },
				"east": { "uv": [ 14, 13, 12, 14 ], "texture": "#voxels_atlas", "rotation": 270 }
			}
		},
		{
			"__comment": "Voxels",
			"from": [ 5, 10, -0.25 ],
			"to": [ 6, 12, 0 ],
			"faces": {
				"up": { "uv": [ 7, 3, 8, 2 ], "texture": "#voxels_atlas" },
				"north": { "uv": [ 1, 8, 0, 6 ], "texture": "#voxels_atlas" },
				"west": { "uv": [ 14, 13, 16, 14 ], "texture": "#voxels_atlas", "rotation": 90 },
				"east": { "uv": [ 14, 12, 12, 13 ], "texture": "#voxels_atlas", "rotation": 270 }
			}
		},
		{
			"__comment": "Voxels",
			"from": [ 6, 12, -0.25 ],
			"to": [ 7, 13, 0 ],
			"faces": {
				"down": { "uv": [ 4, 0, 5, 1 ], "texture": "#voxels_atlas" },
				"up": { "uv": [ 4, 2, 5, 1 ], "texture": "#voxels_atlas" },
				"north": { "uv": [ 5, 4, 4, 3 ], "texture": "#voxels_atlas" },
				"west": { "uv": [ 15, 11, 16, 12 ], "texture": "#voxels_atlas", "rotation": 90 },
				"east": { "uv": [ 8, 10, 7, 11 ], "texture": "#voxels_atlas", "rotation": 270 }
			}
		},
		{
			"__comment": "Voxels",
			"from": [ 6, 7, -0.25 ],
			"to": [ 12, 8, 0 ],
			"faces": {
				"down": { "uv": [ 0, 12, 6, 13 ], "texture": "#voxels_atlas" },
				"up": { "uv": [ 6, 14, 12, 13 ], "texture": "#voxels_atlas" },
				"north": { "uv": [ 6, 14, 0, 13 ], "texture": "#voxels_atlas" },
				"east": { "uv": [ 10, 10, 9, 11 ], "texture": "#voxels_atlas", "rotation": 270 }
			}
		},
		{
			"__comment": "Voxels",
			"from": [ 7, 10, -0.25 ],
			"to": [ 9, 11, 0 ],
			"faces": {
				"up": { "uv": [ 2, 10, 4, 9 ], "texture": "#voxels_atlas" },
				"north": { "uv": [ 2, 3, 0, 2 ], "texture": "#voxels_atlas" },
				"west": { "uv": [ 6, 9, 7, 10 ], "texture": "#voxels_atlas", "rotation": 90 },
				"east": { "uv": [ 8, 9, 7, 10 ], "texture": "#voxels_atlas", "rotation": 270 }
			}
		},
		{
			"__comment": "Voxels",
			"from": [ 7, 8, -0.25 ],
			"to": [ 9, 9, 0 ],
			"faces": {
				"north": { "uv": [ 4, 8, 2, 7 ], "texture": "#voxels_atlas" },
				"west": { "uv": [ 12, 9, 13, 10 ], "texture": "#voxels_atlas", "rotation": 90 },
				"east": { "uv": [ 14, 9, 13, 10 ], "texture": "#voxels_atlas", "rotation": 270 }
			}
		},
		{
			"__comment": "Voxels",
			"from": [ 9, 12, -0.25 ],
			"to": [ 10, 13, 0 ],
			"faces": {
				"down": { "uv": [ 6, 7, 7, 8 ], "texture": "#voxels_atlas" },
				"up": { "uv": [ 6, 9, 7, 8 ], "texture": "#voxels_atlas" },
				"north": { "uv": [ 15, 10, 14, 9 ], "texture": "#voxels_atlas" },
				"west": { "uv": [ 6, 6, 7, 7 ], "texture": "#voxels_atlas", "rotation": 90 },
				"east": { "uv": [ 7, 5, 6, 6 ], "texture": "#voxels_atlas", "rotation": 270 }
			}
		},
		{
			"__comment": "Voxels",
			"from": [ 10, 10, -0.25 ],
			"to": [ 11, 12, 0 ],
			"faces": {
				"up": { "uv": [ 7, 2, 8, 1 ], "texture": "#voxels_atlas" },
				"north": { "uv": [ 5, 12, 4, 10 ], "texture": "#voxels_atlas" },
				"west": { "uv": [ 5, 11, 7, 12 ], "texture": "#voxels_atlas", "rotation": 90 },
				"east": { "uv": [ 9, 11, 7, 12 ], "texture": "#voxels_atlas", "rotation": 270 }
			}
		},
		{
			"__comment": "Voxels",
			"from": [ 10, 8, -0.25 ],
			"to": [ 12, 9, 0 ],
			"faces": {
				"north": { "uv": [ 11, 12, 9, 11 ], "texture": "#voxels_atlas" },
				"west": { "uv": [ 14, 7, 15, 8 ], "texture": "#voxels_atlas", "rotation": 90 },
				"east": { "uv": [ 16, 7, 15, 8 ], "texture": "#voxels_atlas", "rotation": 270 }
			}
		},
		{
			"__comment": "Voxels",
			"from": [ 12, 10, -0.25 ],
			"to": [ 13, 11, 0 ],
			"faces": {
				"down": { "uv": [ 11, 6, 12, 7 ], "texture": "#voxels_atlas" },
				"up": { "uv": [ 10, 7, 11, 6 ], "texture": "#voxels_atlas" },
				"north": { "uv": [ 9, 1, 8, 0 ], "texture": "#voxels_atlas" },
				"west": { "uv": [ 12, 6, 13, 7 ], "texture": "#voxels_atlas", "rotation": 90 },
				"east": { "uv": [ 14, 6, 13, 7 ], "texture": "#voxels_atlas", "rotation": 270 }
			}
		},
		{
			"__comment": "Voxels",
			"from": [ 3, 6, -0.25 ],
			"to": [ 4, 7, 0 ],
			"faces": {
				"down": { "uv": [ 6, 3, 7, 4 ], "texture": "#voxels_atlas" },
				"up": { "uv": [ 6, 5, 7, 4 ], "texture": "#voxels_atlas" },
				"north": { "uv": [ 11, 10, 10, 9 ], "texture": "#voxels_atlas" },
				"west": { "uv": [ 6, 2, 7, 3 ], "texture": "#voxels_atlas", "rotation": 90 },
				"east": { "uv": [ 7, 1, 6, 2 ], "texture": "#voxels_atlas", "rotation": 270 }
			}
		},
		{
			"__comment": "Voxels",
			"from": [ 5, 6, -0.25 ],
			"to": [ 7, 7, 0 ],
			"faces": {
				"down": { "uv": [ 0, 3, 2, 4 ], "texture": "#voxels_atlas" },
				"up": { "uv": [ 0, 5, 2, 4 ], "texture": "#voxels_atlas" },
				"north": { "uv": [ 16, 13, 14, 12 ], "texture": "#voxels_atlas" },
				"west": { "uv": [ 10, 7, 11, 8 ], "texture": "#voxels_atlas", "rotation": 90 },
				"east": { "uv": [ 12, 7, 11, 8 ], "texture": "#voxels_atlas", "rotation": 270 }
			}
		},
		{
			"__comment": "Voxels",
			"from": [ 9, 6, -0.25 ],
			"to": [ 11, 7, 0 ],
			"faces": {
				"down": { "uv": [ 2, 0, 4, 1 ], "texture": "#voxels_atlas" },
				"north": { "uv": [ 4, 4, 2, 3 ], "texture": "#voxels_atlas" },
				"west": { "uv": [ 6, 0, 7, 1 ], "texture": "#voxels_atlas", "rotation": 90 },
				"east": { "uv": [ 8, 8, 7, 9 ], "texture": "#voxels_atlas", "rotation": 270 }
			}
		},
		{
			"__comment": "Voxels",
			"from": [ 12, 6, -0.25 ],
			"to": [ 13, 7, 0 ],
			"faces": {
				"down": { "uv": [ 9, 4, 10, 5 ], "texture": "#voxels_atlas" },
				"up": { "uv": [ 9, 6, 10, 5 ], "texture": "#voxels_atlas" },
				"north": { "uv": [ 15, 7, 14, 6 ], "texture": "#voxels_atlas" },
				"west": { "uv": [ 9, 3, 10, 4 ], "texture": "#voxels_atlas", "rotation": 90 },
				"east": { "uv": [ 10, 2, 9, 3 ], "texture": "#voxels_atlas", "rotation": 270 }
			}
		},
		{
			"__comment": "Voxels",
			"from": [ 6, 5, -0.2496 ],
			"to": [ 7, 6, 0.000400007 ],
			"faces": {
				"down": { "uv": [ 13, 10, 14, 11 ], "texture": "#voxels_atlas" },
				"north": { "uv": [ 11, 11, 10, 10 ], "texture": "#voxels_atlas" },
				"west": { "uv": [ 14, 10, 15, 11 ], "texture": "#voxels_atlas", "rotation": 90 },
				"east": { "uv": [ 16, 10, 15, 11 ], "texture": "#voxels_atlas", "rotation": 270 }
			}
		},
		{
			"__comment": "Voxels",
			"from": [ 9, 5, -0.2496 ],
			"to": [ 10, 6, 0.000400007 ],
			"faces": {
				"down": { "uv": [ 11, 8, 12, 9 ], "texture": "#voxels_atlas" },
				"north": { "uv": [ 9, 9, 8, 8 ], "texture": "#voxels_atlas" },
				"west": { "uv": [ 12, 8, 13, 9 ], "texture": "#voxels_atlas", "rotation": 90 },
				"east": { "uv": [ 14, 8, 13, 9 ], "texture": "#voxels_atlas", "rotation": 270 }
			}
		},
		{
			"__comment": "Voxels",
			"from": [ 5, 4, -0.2496 ],
			"to": [ 6, 5, 0.000400007 ],
			"faces": {
				"down": { "uv": [ 4, 6, 5, 7 ], "texture": "#voxels_atlas" },
				"up": { "uv": [ 4, 8, 5, 7 ], "texture": "#voxels_atlas" },
				"north": { "uv": [ 13, 8, 12, 7 ], "texture": "#voxels_atlas" },
				"west": { "uv": [ 4, 5, 5, 6 ], "texture": "#voxels_atlas", "rotation": 90 },
				"east": { "uv": [ 5, 4, 4, 5 ], "texture": "#voxels_atlas", "rotation": 270 }
			}
		},
		{
			"__comment": "Voxels",
			"from": [ 10, 4, -0.2496 ],
			"to": [ 11, 5, 0.000400007 ],
			"faces": {
				"down": { "uv": [ 8, 3, 9, 4 ], "texture": "#voxels_atlas" },
				"up": { "uv": [ 8, 5, 9, 4 ], "texture": "#voxels_atlas" },
				"north": { "uv": [ 9, 7, 8, 6 ], "texture": "#voxels_atlas" },
				"west": { "uv": [ 8, 2, 9, 3 ], "texture": "#voxels_atlas", "rotation": 90 },
				"east": { "uv": [ 9, 1, 8, 2 ], "texture": "#voxels_atlas", "rotation": 270 }
			}
		},
		{
			"__comment": "Voxels",
			"from": [ 6, 3, -0.2496 ],
			"to": [ 7, 4, 0.000400007 ],
			"faces": {
				"down": { "uv": [ 5, 6, 6, 7 ], "texture": "#voxels_atlas" },
				"up": { "uv": [ 5, 8, 6, 7 ], "texture": "#voxels_atlas" },
				"north": { "uv": [ 6, 10, 5, 9 ], "texture": "#voxels_atlas" },
				"west": { "uv": [ 5, 5, 6, 6 ], "texture": "#voxels_atlas", "rotation": 90 },
				"east": { "uv": [ 6, 4, 5, 5 ], "texture": "#voxels_atlas", "rotation": 270 }
			}
		},
		{
			"__comment": "Voxels",
			"from": [ 9, 3, -0.2496 ],
			"to": [ 10, 4, 0.000400007 ],
			"faces": {
				"down": { "uv": [ 7, 6, 8, 7 ], "texture": "#voxels_atlas" },
				"up": { "uv": [ 7, 8, 8, 7 ], "texture": "#voxels_atlas" },
				"north": { "uv": [ 15, 9, 14, 8 ], "texture": "#voxels_atlas" },
				"west": { "uv": [ 7, 5, 8, 6 ], "texture": "#voxels_atlas", "rotation": 90 },
				"east": { "uv": [ 8, 4, 7, 5 ], "texture": "#voxels_atlas", "rotation": 270 }
			}
		},
		{
			"__comment": "Voxels",
			"from": [ -0.25, 10, 12 ],
			"to": [ 0, 11, 13 ],
			"faces": {
				"down": { "uv": [ 5, 0, 6, 1 ], "texture": "#voxels_atlas", "rotation": 90 },
				"up": { "uv": [ 5, 2, 6, 1 ], "texture": "#voxels_atlas", "rotation": 270 },
				"north": { "uv": [ 10, 9, 9, 10 ], "texture": "#voxels_atlas", "rotation": 270 },
				"south": { "uv": [ 8, 9, 9, 10 ], "texture": "#voxels_atlas", "rotation": 90 },
				"west": { "uv": [ 6, 4, 5, 3 ], "texture": "#voxels_atlas" }
			}
		},
		{
			"__comment": "Voxels",
			"from": [ -0.25, 9, 4 ],
			"to": [ 0, 10, 12 ],
			"faces": {
				"down": { "uv": [ 8, 14, 16, 15 ], "texture": "#voxels_atlas", "rotation": 90 },
				"up": { "uv": [ 0, 15, 8, 14 ], "texture": "#voxels_atlas", "rotation": 270 },
				"north": { "uv": [ 8, 3, 7, 4 ], "texture": "#voxels_atlas", "rotation": 270 },
				"south": { "uv": [ 9, 7, 10, 8 ], "texture": "#voxels_atlas", "rotation": 90 },
				"west": { "uv": [ 8, 16, 0, 15 ], "texture": "#voxels_atlas" }
			}
		},
		{
			"__comment": "Voxels",
			"from": [ -0.25, 7, 10 ],
			"to": [ 0, 9, 12 ],
			"faces": {
				"down": { "uv": [ 0, 0, 2, 1 ], "texture": "#voxels_atlas", "rotation": 90 },
				"north": { "uv": [ 14, 13, 12, 14 ], "texture": "#voxels_atlas", "rotation": 270 },
				"south": { "uv": [ 2, 11, 4, 12 ], "texture": "#voxels_atlas", "rotation": 90 },
				"west": { "uv": [ 2, 12, 0, 10 ], "texture": "#voxels_atlas" }
			}
		},
		{
			"__comment": "Voxels",
			"from": [ -0.25, 10, 10 ],
			"to": [ 0, 12, 11 ],
			"faces": {
				"up": { "uv": [ 7, 3, 8, 2 ], "texture": "#voxels_atlas", "rotation": 270 },
				"north": { "uv": [ 14, 12, 12, 13 ], "texture": "#voxels_atlas", "rotation": 270 },
				"south": { "uv": [ 14, 13, 16, 14 ], "texture": "#voxels_atlas", "rotation": 90 },
				"west": { "uv": [ 1, 8, 0, 6 ], "texture": "#voxels_atlas" }
			}
		},
		{
			"__comment": "Voxels",
			"from": [ -0.25, 12, 9 ],
			"to": [ 0, 13, 10 ],
			"faces": {
				"down": { "uv": [ 4, 0, 5, 1 ], "texture": "#voxels_atlas", "rotation": 90 },
				"up": { "uv": [ 4, 2, 5, 1 ], "texture": "#voxels_atlas", "rotation": 270 },
				"north": { "uv": [ 8, 10, 7, 11 ], "texture": "#voxels_atlas", "rotation": 270 },
				"south": { "uv": [ 15, 11, 16, 12 ], "texture": "#voxels_atlas", "rotation": 90 },
				"west": { "uv": [ 5, 4, 4, 3 ], "texture": "#voxels_atlas" }
			}
		},
		{
			"__comment": "Voxels",
			"from": [ -0.25, 7, 4 ],
			"to": [ 0, 8, 10 ],
			"faces": {
				"down": { "uv": [ 0, 12, 6, 13 ], "texture": "#voxels_atlas", "rotation": 90 },
				"up": { "uv": [ 6, 14, 12, 13 ], "texture": "#voxels_atlas", "rotation": 270 },
				"north": { "uv": [ 10, 10, 9, 11 ], "texture": "#voxels_atlas", "rotation": 270 },
				"west": { "uv": [ 6, 14, 0, 13 ], "texture": "#voxels_atlas" }
			}
		},
		{
			"__comment": "Voxels",
			"from": [ -0.25, 10, 7 ],
			"to": [ 0, 11, 9 ],
			"faces": {
				"up": { "uv": [ 2, 10, 4, 9 ], "texture": "#voxels_atlas", "rotation": 270 },
				"north": { "uv": [ 8, 9, 7, 10 ], "texture": "#voxels_atlas", "rotation": 270 },
				"south": { "uv": [ 6, 9, 7, 10 ], "texture": "#voxels_atlas", "rotation": 90 },
				"west": { "uv": [ 2, 3, 0, 2 ], "texture": "#voxels_atlas" }
			}
		},
		{
			"__comment": "Voxels",
			"from": [ -0.25, 8, 7 ],
			"to": [ 0, 9, 9 ],
			"faces": {
				"north": { "uv": [ 14, 9, 13, 10 ], "texture": "#voxels_atlas", "rotation": 270 },
				"south": { "uv": [ 12, 9, 13, 10 ], "texture": "#voxels_atlas", "rotation": 90 },
				"west": { "uv": [ 4, 8, 2, 7 ], "texture": "#voxels_atlas" }
			}
		},
		{
			"__comment": "Voxels",
			"from": [ -0.25, 12, 6 ],
			"to": [ 0, 13, 7 ],
			"faces": {
				"down": { "uv": [ 6, 7, 7, 8 ], "texture": "#voxels_atlas", "rotation": 90 },
				"up": { "uv": [ 6, 9, 7, 8 ], "texture": "#voxels_atlas", "rotation": 270 },
				"north": { "uv": [ 7, 5, 6, 6 ], "texture": "#voxels_atlas", "rotation": 270 },
				"south": { "uv": [ 6, 6, 7, 7 ], "texture": "#voxels_atlas", "rotation": 90 },
				"west": { "uv": [ 15, 10, 14, 9 ], "texture": "#voxels_atlas" }
			}
		},
		{
			"__comment": "Voxels",
			"from": [ -0.25, 10, 5 ],
			"to": [ 0, 12, 6 ],
			"faces": {
				"up": { "uv": [ 7, 2, 8, 1 ], "texture": "#voxels_atlas", "rotation": 270 },
				"north": { "uv": [ 9, 11, 7, 12 ], "texture": "#voxels_atlas", "rotation": 270 },
				"south": { "uv": [ 5, 11, 7, 12 ], "texture": "#voxels_atlas", "rotation": 90 },
				"west": { "uv": [ 5, 12, 4, 10 ], "texture": "#voxels_atlas" }
			}
		},
		{
			"__comment": "Voxels",
			"from": [ -0.25, 8, 4 ],
			"to": [ 0, 9, 6 ],
			"faces": {
				"north": { "uv": [ 16, 7, 15, 8 ], "texture": "#voxels_atlas", "rotation": 270 },
				"south": { "uv": [ 14, 7, 15, 8 ], "texture": "#voxels_atlas", "rotation": 90 },
				"west": { "uv": [ 11, 12, 9, 11 ], "texture": "#voxels_atlas" }
			}
		},
		{
			"__comment": "Voxels",
			"from": [ -0.2499, 10, 3 ],
			"to": [ 0.000100002, 11, 4 ],
			"faces": {
				"down": { "uv": [ 11, 6, 12, 7 ], "texture": "#voxels_atlas", "rotation": 90 },
				"up": { "uv": [ 10, 7, 11, 6 ], "texture": "#voxels_atlas", "rotation": 270 },
				"north": { "uv": [ 14, 6, 13, 7 ], "texture": "#voxels_atlas", "rotation": 270 },
				"south": { "uv": [ 12, 6, 13, 7 ], "texture": "#voxels_atlas", "rotation": 90 },
				"west": { "uv": [ 9, 1, 8, 0 ], "texture": "#voxels_atlas" }
			}
		},
		{
			"__comment": "Voxels",
			"from": [ -0.25, 6, 12 ],
			"to": [ 0, 7, 13 ],
			"faces": {
				"down": { "uv": [ 6, 3, 7, 4 ], "texture": "#voxels_atlas", "rotation": 90 },
				"up": { "uv": [ 6, 5, 7, 4 ], "texture": "#voxels_atlas", "rotation": 270 },
				"north": { "uv": [ 7, 1, 6, 2 ], "texture": "#voxels_atlas", "rotation": 270 },
				"south": { "uv": [ 6, 2, 7, 3 ], "texture": "#voxels_atlas", "rotation": 90 },
				"west": { "uv": [ 11, 10, 10, 9 ], "texture": "#voxels_atlas" }
			}
		},
		{
			"__comment": "Voxels",
			"from": [ -0.25, 6, 9 ],
			"to": [ 0, 7, 11 ],
			"faces": {
				"down": { "uv": [ 0, 3, 2, 4 ], "texture": "#voxels_atlas", "rotation": 90 },
				"up": { "uv": [ 0, 5, 2, 4 ], "texture": "#voxels_atlas", "rotation": 270 },
				"north": { "uv": [ 12, 7, 11, 8 ], "texture": "#voxels_atlas", "rotation": 270 },
				"south": { "uv": [ 10, 7, 11, 8 ], "texture": "#voxels_atlas", "rotation": 90 },
				"west": { "uv": [ 16, 13, 14, 12 ], "texture": "#voxels_atlas" }
			}
		},
		{
			"__comment": "Voxels",
			"from": [ -0.25, 6, 5 ],
			"to": [ 0, 7, 7 ],
			"faces": {
				"down": { "uv": [ 2, 0, 4, 1 ], "texture": "#voxels_atlas", "rotation": 90 },
				"north": { "uv": [ 8, 8, 7, 9 ], "texture": "#voxels_atlas", "rotation": 270 },
				"south": { "uv": [ 6, 0, 7, 1 ], "texture": "#voxels_atlas", "rotation": 90 },
				"west": { "uv": [ 4, 4, 2, 3 ], "texture": "#voxels_atlas" }
			}
		},
		{
			"__comment": "Voxels",
			"from": [ -0.2499, 6, 3 ],
			"to": [ 0.000100002, 7, 4 ],
			"faces": {
				"down": { "uv": [ 9, 4, 10, 5 ], "texture": "#voxels_atlas", "rotation": 90 },
				"up": { "uv": [ 9, 6, 10, 5 ], "texture": "#voxels_atlas", "rotation": 270 },
				"north": { "uv": [ 10, 2, 9, 3 ], "texture": "#voxels_atlas", "rotation": 270 },
				"south": { "uv": [ 9, 3, 10, 4 ], "texture": "#voxels_atlas", "rotation": 90 },
				"west": { "uv": [ 15, 7, 14, 6 ], "texture": "#voxels_atlas" }
			}
		},
		{
			"__comment": "Voxels",
			"from": [ -0.2496, 5, 9 ],
			"to": [ 0.000400007, 6, 10 ],
			"faces": {
				"down": { "uv": [ 13, 10, 14, 11 ], "texture": "#voxels_atlas", "rotation": 90 },
				"north": { "uv": [ 16, 10, 15, 11 ], "texture": "#voxels_atlas", "rotation": 270 },
				"south": { "uv": [ 14, 10, 15, 11 ], "texture": "#voxels_atlas", "rotation": 90 },
				"west": { "uv": [ 11, 11, 10, 10 ], "texture": "#voxels_atlas" }
			}
		},
		{
			"__comment": "Voxels",
			"from": [ -0.2496, 5, 6 ],
			"to": [ 0.000400007, 6, 7 ],
			"faces": {
				"down": { "uv": [ 11, 8, 12, 9 ], "texture": "#voxels_atlas", "rotation": 90 },
				"north": { "uv": [ 14, 8, 13, 9 ], "texture": "#voxels_atlas", "rotation": 270 },
				"south": { "uv": [ 12, 8, 13, 9 ], "texture": "#voxels_atlas", "rotation": 90 },
				"west": { "uv": [ 9, 9, 8, 8 ], "texture": "#voxels_atlas" }
			}
		},
		{
			"__comment": "Voxels",
			"from": [ -0.2496, 4, 10 ],
			"to": [ 0.000400007, 5, 11 ],
			"faces": {
				"down": { "uv": [ 4, 6, 5, 7 ], "texture": "#voxels_atlas", "rotation": 90 },
				"up": { "uv": [ 4, 8, 5, 7 ], "texture": "#voxels_atlas", "rotation": 270 },
				"north": { "uv": [ 5, 4, 4, 5 ], "texture": "#voxels_atlas", "rotation": 270 },
				"south": { "uv": [ 4, 5, 5, 6 ], "texture": "#voxels_atlas", "rotation": 90 },
				"west": { "uv": [ 13, 8, 12, 7 ], "texture": "#voxels_atlas" }
			}
		},
		{
			"__comment": "Voxels",
			"from": [ -0.2496, 4, 5 ],
			"to": [ 0.000400007, 5, 6 ],
			"faces": {
				"down": { "uv": [ 8, 3, 9, 4 ], "texture": "#voxels_atlas", "rotation": 90 },
				"up": { "uv": [ 8, 5, 9, 4 ], "texture": "#voxels_atlas", "rotation": 270 },
				"north": { "uv": [ 9, 1, 8, 2 ], "texture": "#voxels_atlas", "rotation": 270 },
				"south": { "uv": [ 8, 2, 9, 3 ], "texture": "#voxels_atlas", "rotation": 90 },
				"west": { "uv": [ 9, 7, 8, 6 ], "texture": "#voxels_atlas" }
			}
		},
		{
			"__comment": "Voxels",
			"from": [ -0.2496, 3, 9 ],
			"to": [ 0.000400007, 4, 10 ],
			"faces": {
				"down": { "uv": [ 5, 6, 6, 7 ], "texture": "#voxels_atlas", "rotation": 90 },
				"up": { "uv": [ 5, 8, 6, 7 ], "texture": "#voxels_atlas", "rotation": 270 },
				"north": { "uv": [ 6, 4, 5, 5 ], "texture": "#voxels_atlas", "rotation": 270 },
				"south": { "uv": [ 5, 5, 6, 6 ], "texture": "#voxels_atlas", "rotation": 90 },
				"west": { "uv": [ 6, 10, 5, 9 ], "texture": "#voxels_atlas" }
			}
		},
		{
			"__comment": "Voxels",
			"from": [ -0.2496, 3, 6 ],
			"to": [ 0.000400007, 4, 7 ],
			"faces": {
				"down": { "uv": [ 7, 6, 8, 7 ], "texture": "#voxels_atlas", "rotation": 90 },
				"up": { "uv": [ 7, 8, 8, 7 ], "texture": "#voxels_atlas", "rotation": 270 },
				"north": { "uv": [ 8, 4, 7, 5 ], "texture": "#voxels_atlas", "rotation": 270 },
				"south": { "uv": [ 7, 5, 8, 6 ], "texture": "#voxels_atlas", "rotation": 90 },
				"west": { "uv": [ 15, 9, 14, 8 ], "texture": "#voxels_atlas" }
			}
		},
		{
			"__comment": "Voxels",
			"from": [ 16, 10, 12 ],
			"to": [ 16.25, 11, 13 ],
			"faces": {
				"down": { "uv": [ 5, 0, 6, 1 ], "texture": "#voxels_atlas", "rotation": 90 },
				"up": { "uv": [ 5, 2, 6, 1 ], "texture": "#voxels_atlas", "rotation": 270 },
				"north": { "uv": [ 10, 9, 9, 10 ], "texture": "#voxels_atlas", "rotation": 270 },
				"south": { "uv": [ 8, 9, 9, 10 ], "texture": "#voxels_atlas", "rotation": 90 },
				"east": { "uv": [ 5, 3, 6, 2 ], "texture": "#voxels_atlas" }
			}
		},
		{
			"__comment": "Voxels",
			"from": [ 16, 9, 4 ],
			"to": [ 16.25, 10, 12 ],
			"faces": {
				"down": { "uv": [ 8, 14, 16, 15 ], "texture": "#voxels_atlas", "rotation": 90 },
				"up": { "uv": [ 0, 15, 8, 14 ], "texture": "#voxels_atlas", "rotation": 270 },
				"north": { "uv": [ 8, 3, 7, 4 ], "texture": "#voxels_atlas", "rotation": 270 },
				"south": { "uv": [ 9, 7, 10, 8 ], "texture": "#voxels_atlas", "rotation": 90 },
				"east": { "uv": [ 8, 16, 16, 15 ], "texture": "#voxels_atlas" }
			}
		},
		{
			"__comment": "Voxels",
			"from": [ 16, 7, 10 ],
			"to": [ 16.25, 9, 12 ],
			"faces": {
				"down": { "uv": [ 0, 0, 2, 1 ], "texture": "#voxels_atlas", "rotation": 90 },
				"north": { "uv": [ 14, 13, 12, 14 ], "texture": "#voxels_atlas", "rotation": 270 },
				"south": { "uv": [ 2, 11, 4, 12 ], "texture": "#voxels_atlas", "rotation": 90 },
				"east": { "uv": [ 0, 10, 2, 8 ], "texture": "#voxels_atlas" }
			}
		},
		{
			"__comment": "Voxels",
			"from": [ 16, 10, 10 ],
			"to": [ 16.25, 12, 11 ],
			"faces": {
				"up": { "uv": [ 7, 3, 8, 2 ], "texture": "#voxels_atlas", "rotation": 270 },
				"north": { "uv": [ 14, 12, 12, 13 ], "texture": "#voxels_atlas", "rotation": 270 },
				"south": { "uv": [ 14, 13, 16, 14 ], "texture": "#voxels_atlas", "rotation": 90 },
				"east": { "uv": [ 1, 8, 2, 6 ], "texture": "#voxels_atlas" }
			}
		},
		{
			"__comment": "Voxels",
			"from": [ 16, 12, 9 ],
			"to": [ 16.25, 13, 10 ],
			"faces": {
				"down": { "uv": [ 4, 0, 5, 1 ], "texture": "#voxels_atlas", "rotation": 90 },
				"up": { "uv": [ 4, 2, 5, 1 ], "texture": "#voxels_atlas", "rotation": 270 },
				"north": { "uv": [ 8, 10, 7, 11 ], "texture": "#voxels_atlas", "rotation": 270 },
				"south": { "uv": [ 15, 11, 16, 12 ], "texture": "#voxels_atlas", "rotation": 90 },
				"east": { "uv": [ 4, 3, 5, 2 ], "texture": "#voxels_atlas" }
			}
		},
		{
			"__comment": "Voxels",
			"from": [ 16, 7, 4 ],
			"to": [ 16.25, 8, 10 ],
			"faces": {
				"down": { "uv": [ 0, 12, 6, 13 ], "texture": "#voxels_atlas", "rotation": 90 },
				"up": { "uv": [ 6, 14, 12, 13 ], "texture": "#voxels_atlas", "rotation": 270 },
				"north": { "uv": [ 10, 10, 9, 11 ], "texture": "#voxels_atlas", "rotation": 270 },
				"east": { "uv": [ 6, 13, 12, 12 ], "texture": "#voxels_atlas" }
			}
		},
		{
			"__comment": "Voxels",
			"from": [ 16, 10, 7 ],
			"to": [ 16.25, 11, 9 ],
			"faces": {
				"up": { "uv": [ 2, 10, 4, 9 ], "texture": "#voxels_atlas", "rotation": 270 },
				"north": { "uv": [ 8, 9, 7, 10 ], "texture": "#voxels_atlas", "rotation": 270 },
				"south": { "uv": [ 6, 9, 7, 10 ], "texture": "#voxels_atlas", "rotation": 90 },
				"east": { "uv": [ 2, 11, 4, 10 ], "texture": "#voxels_atlas" }
			}
		},
		{
			"__comment": "Voxels",
			"from": [ 16, 8, 7 ],
			"to": [ 16.25, 9, 9 ],
			"faces": {
				"north": { "uv": [ 14, 9, 13, 10 ], "texture": "#voxels_atlas", "rotation": 270 },
				"south": { "uv": [ 12, 9, 13, 10 ], "texture": "#voxels_atlas", "rotation": 90 },
				"east": { "uv": [ 2, 7, 4, 6 ], "texture": "#voxels_atlas" }
			}
		},
		{
			"__comment": "Voxels",
			"from": [ 16, 12, 6 ],
			"to": [ 16.25, 13, 7 ],
			"faces": {
				"down": { "uv": [ 6, 7, 7, 8 ], "texture": "#voxels_atlas", "rotation": 90 },
				"up": { "uv": [ 6, 9, 7, 8 ], "texture": "#voxels_atlas", "rotation": 270 },
				"north": { "uv": [ 7, 5, 6, 6 ], "texture": "#voxels_atlas", "rotation": 270 },
				"south": { "uv": [ 6, 6, 7, 7 ], "texture": "#voxels_atlas", "rotation": 90 },
				"east": { "uv": [ 15, 10, 16, 9 ], "texture": "#voxels_atlas" }
			}
		},
		{
			"__comment": "Voxels",
			"from": [ 16, 10, 5 ],
			"to": [ 16.25, 12, 6 ],
			"faces": {
				"up": { "uv": [ 7, 2, 8, 1 ], "texture": "#voxels_atlas", "rotation": 270 },
				"north": { "uv": [ 9, 11, 7, 12 ], "texture": "#voxels_atlas", "rotation": 270 },
				"south": { "uv": [ 5, 11, 7, 12 ], "texture": "#voxels_atlas", "rotation": 90 },
				"east": { "uv": [ 4, 10, 5, 8 ], "texture": "#voxels_atlas" }
			}
		},
		{
			"__comment": "Voxels",
			"from": [ 16, 8, 4 ],
			"to": [ 16.25, 9, 6 ],
			"faces": {
				"north": { "uv": [ 16, 7, 15, 8 ], "texture": "#voxels_atlas", "rotation": 270 },
				"south": { "uv": [ 14, 7, 15, 8 ], "texture": "#voxels_atlas", "rotation": 90 },
				"east": { "uv": [ 11, 12, 13, 11 ], "texture": "#voxels_atlas" }
			}
		},
		{
			"__comment": "Voxels",
			"from": [ 16.0001, 10, 3 ],
			"to": [ 16.2501, 11, 4 ],
			"faces": {
				"down": { "uv": [ 11, 6, 12, 7 ], "texture": "#voxels_atlas", "rotation": 90 },
				"up": { "uv": [ 10, 7, 11, 6 ], "texture": "#voxels_atlas", "rotation": 270 },
				"north": { "uv": [ 14, 6, 13, 7 ], "texture": "#voxels_atlas", "rotation": 270 },
				"south": { "uv": [ 12, 6, 13, 7 ], "texture": "#voxels_atlas", "rotation": 90 },
				"east": { "uv": [ 9, 7, 10, 6 ], "texture": "#voxels_atlas" }
			}
		},
		{
			"__comment": "Voxels",
			"from": [ 16, 6, 12 ],
			"to": [ 16.25, 7, 13 ],
			"faces": {
				"down": { "uv": [ 6, 3, 7, 4 ], "texture": "#voxels_atlas", "rotation": 90 },
				"up": { "uv": [ 6, 5, 7, 4 ], "texture": "#voxels_atlas", "rotation": 270 },
				"north": { "uv": [ 7, 1, 6, 2 ], "texture": "#voxels_atlas", "rotation": 270 },
				"south": { "uv": [ 6, 2, 7, 3 ], "texture": "#voxels_atlas", "rotation": 90 },
				"east": { "uv": [ 11, 10, 12, 9 ], "texture": "#voxels_atlas" }
			}
		},
		{
			"__comment": "Voxels",
			"from": [ 16, 6, 9 ],
			"to": [ 16.25, 7, 11 ],
			"faces": {
				"down": { "uv": [ 0, 3, 2, 4 ], "texture": "#voxels_atlas", "rotation": 90 },
				"up": { "uv": [ 0, 5, 2, 4 ], "texture": "#voxels_atlas", "rotation": 270 },
				"north": { "uv": [ 12, 7, 11, 8 ], "texture": "#voxels_atlas", "rotation": 270 },
				"south": { "uv": [ 10, 7, 11, 8 ], "texture": "#voxels_atlas", "rotation": 90 },
				"east": { "uv": [ 0, 6, 2, 5 ], "texture": "#voxels_atlas" }
			}
		},
		{
			"__comment": "Voxels",
			"from": [ 16, 6, 5 ],
			"to": [ 16.25, 7, 7 ],
			"faces": {
				"down": { "uv": [ 2, 0, 4, 1 ], "texture": "#voxels_atlas", "rotation": 90 },
				"north": { "uv": [ 8, 8, 7, 9 ], "texture": "#voxels_atlas", "rotation": 270 },
				"south": { "uv": [ 6, 0, 7, 1 ], "texture": "#voxels_atlas", "rotation": 90 },
				"east": { "uv": [ 2, 3, 4, 2 ], "texture": "#voxels_atlas" }
			}
		},
		{
			"__comment": "Voxels",
			"from": [ 16.0001, 6, 3 ],
			"to": [ 16.2501, 7, 4 ],
			"faces": {
				"down": { "uv": [ 9, 4, 10, 5 ], "texture": "#voxels_atlas", "rotation": 90 },
				"up": { "uv": [ 9, 6, 10, 5 ], "texture": "#voxels_atlas", "rotation": 270 },
				"north": { "uv": [ 10, 2, 9, 3 ], "texture": "#voxels_atlas", "rotation": 270 },
				"south": { "uv": [ 9, 3, 10, 4 ], "texture": "#voxels_atlas", "rotation": 90 },
				"east": { "uv": [ 15, 7, 16, 6 ], "texture": "#voxels_atlas" }
			}
		},
		{
			"__comment": "Voxels",
			"from": [ 16.0004, 5, 9 ],
			"to": [ 16.2504, 6, 10 ],
			"faces": {
				"down": { "uv": [ 13, 10, 14, 11 ], "texture": "#voxels_atlas", "rotation": 90 },
				"north": { "uv": [ 16, 10, 15, 11 ], "texture": "#voxels_atlas", "rotation": 270 },
				"south": { "uv": [ 14, 10, 15, 11 ], "texture": "#voxels_atlas", "rotation": 90 },
				"east": { "uv": [ 11, 11, 12, 10 ], "texture": "#voxels_atlas" }
			}
		},
		{
			"__comment": "Voxels",
			"from": [ 16.0004, 5, 6 ],
			"to": [ 16.2504, 6, 7 ],
			"faces": {
				"down": { "uv": [ 11, 8, 12, 9 ], "texture": "#voxels_atlas", "rotation": 90 },
				"north": { "uv": [ 14, 8, 13, 9 ], "texture": "#voxels_atlas", "rotation": 270 },
				"south": { "uv": [ 12, 8, 13, 9 ], "texture": "#voxels_atlas", "rotation": 90 },
				"east": { "uv": [ 9, 9, 10, 8 ], "texture": "#voxels_atlas" }
			}
		},
		{
			"__comment": "Voxels",
			"from": [ 16.0004, 4, 10 ],
			"to": [ 16.2504, 5, 11 ],
			"faces": {
				"down": { "uv": [ 4, 6, 5, 7 ], "texture": "#voxels_atlas", "rotation": 90 },
				"up": { "uv": [ 4, 8, 5, 7 ], "texture": "#voxels_atlas", "rotation": 270 },
				"north": { "uv": [ 5, 4, 4, 5 ], "texture": "#voxels_atlas", "rotation": 270 },
				"south": { "uv": [ 4, 5, 5, 6 ], "texture": "#voxels_atlas", "rotation": 90 },
				"east": { "uv": [ 13, 8, 14, 7 ], "texture": "#voxels_atlas" }
			}
		},
		{
			"__comment": "Voxels",
			"from": [ 16.0004, 4, 5 ],
			"to": [ 16.2504, 5, 6 ],
			"faces": {
				"down": { "uv": [ 8, 3, 9, 4 ], "texture": "#voxels_atlas", "rotation": 90 },
				"up": { "uv": [ 8, 5, 9, 4 ], "texture": "#voxels_atlas", "rotation": 270 },
				"north": { "uv": [ 9, 1, 8, 2 ], "texture": "#voxels_atlas", "rotation": 270 },
				"south": { "uv": [ 8, 2, 9, 3 ], "texture": "#voxels_atlas", "rotation": 90 },
				"east": { "uv": [ 8, 6, 9, 5 ], "texture": "#voxels_atlas" }
			}
		},
		{
			"__comment": "Voxels",
			"from": [ 16.0004, 3, 9 ],
			"to": [ 16.2504, 4, 10 ],
			"faces": {
				"down": { "uv": [ 5, 6, 6, 7 ], "texture": "#voxels_atlas", "rotation": 90 },
				"up": { "uv": [ 5, 8, 6, 7 ], "texture": "#voxels_atlas", "rotation": 270 },
				"north": { "uv": [ 6, 4, 5, 5 ], "texture": "#voxels_atlas", "rotation": 270 },
				"south": { "uv": [ 5, 5, 6, 6 ], "texture": "#voxels_atlas", "rotation": 90 },
				"east": { "uv": [ 5, 9, 6, 8 ], "texture": "#voxels_atlas" }
			}
		},
		{
			"__comment": "Voxels",
			"from": [ 16.0004, 3, 6 ],
			"to": [ 16.2504, 4, 7 ],
			"faces": {
				"down": { "uv": [ 7, 6, 8, 7 ], "texture": "#voxels_atlas", "rotation": 90 },
				"up": { "uv": [ 7, 8, 8, 7 ], "texture": "#voxels_atlas", "rotation": 270 },
				"north": { "uv": [ 8, 4, 7, 5 ], "texture": "#voxels_atlas", "rotation": 270 },
				"south": { "uv": [ 7, 5, 8, 6 ], "texture": "#voxels_atlas", "rotation": 90 },
				"east": { "uv": [ 15, 9, 16, 8 ], "texture": "#voxels_atlas" }
			}
		}
	]
}