{
    "ambientocclusion": false,
    "textures": {
        "particle": "block/cobblestone",
        "base": "block/cobblestone",
        "lever": "block/lever",
        "on": "block/red_concrete_powder"		
    },
    "elements": [
        {   "from": [ 5, 0, 4 ],
            "to": [ 11, 3, 12 ],
            "faces": {
                "down":  { "uv": [ 5, 4, 11, 12 ], "texture": "#base" },
                "up":    { "uv": [ 5, 4, 11, 12 ], "texture": "#base" },
                "north": { "uv": [ 5, 0, 11,  3 ], "texture": "#base" },
                "south": { "uv": [ 5, 0, 11,  3 ], "texture": "#base" },
                "west":  { "uv": [ 4, 0, 12,  3 ], "texture": "#base" },
                "east":  { "uv": [ 4, 0, 12,  3 ], "texture": "#base" }
            }
        },
        {   "from": [ 7, 3, 6 ],
            "to": [ 9, 3.05, 10 ],
            "faces": {
                "down":  {"texture": "#on" },
                "up":    {"texture": "#on" },
                "north": {"texture": "#on" },
                "south": {"texture": "#on" },
                "west":  {"texture": "#on" },
                "east":  {"texture": "#on" }
            }
        },
        {   "from": [ 7, 1, 7 ],
            "to": [ 9, 11, 9 ],
            "rotation": { "origin": [ 8, 1, 8 ], "axis": "x", "angle": -45 },
            "faces": {
                "down":  { "uv": [ 7, 6, 9,  8 ], "texture": "#lever" },
                "up":    { "uv": [ 7, 6, 9,  8 ], "texture": "#lever" },
                "north": { "uv": [ 7, 6, 9, 16 ], "texture": "#lever" },
                "south": { "uv": [ 7, 6, 9, 16 ], "texture": "#lever" },
                "west":  { "uv": [ 7, 6, 9, 16 ], "texture": "#lever" },
                "east":  { "uv": [ 7, 6, 9, 16 ], "texture": "#lever" }
			}	
        },
        {   "from": [ 6.95, 8.95, 6.95 ],
            "to": [ 9.05, 11.05, 9.05 ],
            "rotation": { "origin": [ 8, 1, 8 ], "axis": "x", "angle": -45 },
            "faces": {
                "down":  { "uv": [ 0, 0, 2,  2 ], "texture": "#on" },
                "up":    { "uv": [ 0, 0, 2,  2 ], "texture": "#on" },
                "north": { "uv": [ 0, 0, 2, 2 ], "texture": "#on" },
                "south": { "uv": [ 0, 0, 2, 2 ], "texture": "#on" },
                "west":  { "uv": [ 0, 0, 2, 2 ], "texture": "#on" },
                "east":  { "uv": [ 0, 0, 2, 2 ], "texture": "#on" }
            }
        }
    ]
}
