{
	"__comment": "Designed by XeKr with Cubik Studio - https://cubik.studio",
	"parent": "block/cube_all",
	"textures": {
		"all": "block/note_block"
	},
	"elements": [ 	 
		{
			"__comment": "Box14",
			"from": [ 2, 2, 15.75 ],
			"to": [ 7, 7, 16 ],
			"faces": {
				"down": { "uv": [ 9, 0, 14, 0.25 ], "texture": "#all" },
				"up": { "uv": [ 9, 15.75, 14, 16 ], "texture": "#all" },
				"south": { "uv": [ 9, 2, 14, 7 ], "texture": "#all" },
				"west": { "uv": [ 15.75, 2, 16, 7 ], "texture": "#all" },
				"east": { "uv": [ 0, 2, 0.25, 7 ], "texture": "#all" }
			}
		},
		{
			"__comment": "Box14",
			"from": [ 0, 2, 2 ],
			"to": [ 0.25, 7, 7 ],
			"faces": {
				"down": { "uv": [ 9, 0, 14, 0.25 ], "texture": "#all", "rotation": 270 },
				"up": { "uv": [ 9, 15.75, 14, 16 ], "texture": "#all", "rotation": 90 },
				"north": { "uv": [ 15.75, 2, 16, 7 ], "texture": "#all" },
				"south": { "uv": [ 0, 2, 0.25, 7 ], "texture": "#all" },
				"west": { "uv": [ 9, 2, 14, 7 ], "texture": "#all" }
			}
		},
		{
			"__comment": "Box14",
			"from": [ 9, 2, 0 ],
			"to": [ 14, 7, 0.25 ],
			"faces": {
				"down": { "uv": [ 9, 0, 14, 0.25 ], "texture": "#all", "rotation": 180 },
				"up": { "uv": [ 9, 15.75, 14, 16 ], "texture": "#all", "rotation": 180 },
				"north": { "uv": [ 9, 2, 14, 7 ], "texture": "#all" },
				"west": { "uv": [ 0, 2, 0.25, 7 ], "texture": "#all" },
				"east": { "uv": [ 15.75, 2, 16, 7 ], "texture": "#all" }
			}
		},
		{
			"__comment": "Box14",
			"from": [ 15.75, 2, 9 ],
			"to": [ 16, 7, 14 ],
			"faces": {
				"down": { "uv": [ 9, 0, 14, 0.25 ], "texture": "#all", "rotation": 90 },
				"up": { "uv": [ 9, 15.75, 14, 16 ], "texture": "#all", "rotation": 270 },
				"north": { "uv": [ 0, 2, 0.25, 7 ], "texture": "#all" },
				"south": { "uv": [ 15.75, 2, 16, 7 ], "texture": "#all" },
				"east": { "uv": [ 9, 2, 14, 7 ], "texture": "#all" }
			}
		},
		{
			"__comment": "Box14",
			"from": [ 2, 15.75, 9 ],
			"to": [ 7, 16, 14 ],
			"faces": {
				"up": { "uv": [ 9, 2, 14, 7 ], "texture": "#all" },
				"north": { "uv": [ 14, 16, 9, 15.75 ], "texture": "#all" },
				"south": { "uv": [ 9, 0, 14, 0.25 ], "texture": "#all" },
				"west": { "uv": [ 15.75, 2, 16, 7 ], "texture": "#all", "rotation": 270 },
				"east": { "uv": [ 0, 2, 0.25, 7 ], "texture": "#all", "rotation": 90 }
			}
		},
		{
			"__comment": "Box14",
			"from": [ 9, 0, 2 ],
			"to": [ 14, 0.25, 7 ],
			"faces": {
				"down": { "uv": [ 9, 2, 14, 7 ], "texture": "#all" },
				"north": { "uv": [ 14, 0.25, 9, 0 ], "texture": "#all" },
				"south": { "uv": [ 9, 15.75, 14, 16 ], "texture": "#all" },
				"west": { "uv": [ 15.75, 2, 16, 7 ], "texture": "#all", "rotation": 90 },
				"east": { "uv": [ 0, 2, 0.25, 7 ], "texture": "#all", "rotation": 270 }
			}
		}
	]
}