{
	"__comment": "Designed by XeKr with Cubik Studio - https://cubik.studio",
	"parent": "block/block",
	"textures": {
		"bottom": "block/observer_back",
		"side": "block/observer_side",
		"top": "block/observer_top",
		"front": "block/observer_front",
		"particle": "block/observer_front",
		"sign": "block/black_concrete_powder"
	},
	"elements": [ 	 
		{
			"__comment": "Element",
			"from": [ 0.25, 0.25, 0.25 ],
			"to": [ 15.75, 15.75, 15.75 ],
			"faces": {
				"down": { "uv": [ 0.25, 0.25, 15.75, 15.75 ], "texture": "#top", "cullface": "down" },
				"up": { "uv": [ 0.25, 15.75, 15.75, 0.25 ], "texture": "#top", "cullface": "up" },
				"north": { "uv": [ 0.25, 0.25, 15.75, 15.75 ], "texture": "#front", "cullface": "north" },
				"south": { "uv": [ 0.25, 0.25, 15.75, 15.75 ], "texture": "#bottom", "cullface": "south" },
				"west": { "uv": [ 0.25, 0.25, 15.75, 15.75 ], "texture": "#side", "cullface": "west" },
				"east": { "uv": [ 15.75, 0.25, 0.25, 15.75 ], "texture": "#side", "cullface": "east" }
			}
		},
		{
			"__comment": "Box2",
			"from": [ 0, 0, 0 ],
			"to": [ 1, 16, 1 ],
			"faces": {
				"down": { "uv": [ 0, 15, 1, 16 ], "texture": "#bottom" },
				"up": { "uv": [ 0, 0, 1, 1 ], "texture": "#bottom" },
				"north": { "uv": [ 15, 0, 16, 16 ], "texture": "#bottom" },
				"south": { "uv": [ 0, 0, 1, 16 ], "texture": "#bottom" },
				"west": { "uv": [ 0, 0, 1, 16 ], "texture": "#bottom" },
				"east": { "uv": [ 15, 0, 16, 16 ], "texture": "#bottom" }
			}
		},
		{
			"__comment": "Box2",
			"from": [ 15, 0, 0 ],
			"to": [ 16, 16, 1 ],
			"faces": {
				"down": { "uv": [ 15, 15, 16, 16 ], "texture": "#bottom" },
				"up": { "uv": [ 15, 0, 16, 1 ], "texture": "#bottom" },
				"north": { "uv": [ 0, 0, 1, 16 ], "texture": "#bottom" },
				"south": { "uv": [ 15, 0, 16, 16 ], "texture": "#bottom" },
				"west": { "uv": [ 0, 0, 1, 16 ], "texture": "#bottom" },
				"east": { "uv": [ 15, 0, 16, 16 ], "texture": "#bottom" }
			}
		},
		{
			"__comment": "Box2",
			"from": [ 15, 0, 15 ],
			"to": [ 16, 16, 16 ],
			"faces": {
				"down": { "uv": [ 15, 0, 16, 1 ], "texture": "#bottom" },
				"up": { "uv": [ 15, 15, 16, 16 ], "texture": "#bottom" },
				"north": { "uv": [ 0, 0, 1, 16 ], "texture": "#bottom" },
				"south": { "uv": [ 15, 0, 16, 16 ], "texture": "#bottom" },
				"west": { "uv": [ 15, 0, 16, 16 ], "texture": "#bottom" },
				"east": { "uv": [ 0, 0, 1, 16 ], "texture": "#bottom" }
			}
		},
		{
			"__comment": "Box2",
			"from": [ 0, 0, 15 ],
			"to": [ 1, 16, 16 ],
			"faces": {
				"down": { "uv": [ 0, 15, 1, 16 ], "texture": "#bottom" },
				"up": { "uv": [ 0, 0, 1, 1 ], "texture": "#bottom" },
				"north": { "uv": [ 15, 0, 16, 16 ], "texture": "#bottom" },
				"south": { "uv": [ 0, 0, 1, 16 ], "texture": "#bottom" },
				"west": { "uv": [ 0, 0, 1, 16 ], "texture": "#bottom" },
				"east": { "uv": [ 15, 0, 16, 16 ], "texture": "#bottom" }
			}
		},
		{
			"__comment": "Box6",
			"from": [ 1, 0, 0 ],
			"to": [ 15, 1, 1 ],
			"faces": {
				"down": { "uv": [ 1, 15, 15, 16 ], "texture": "#bottom" },
				"up": { "uv": [ 1, 0, 15, 1 ], "texture": "#bottom" },
				"north": { "uv": [ 1, 15, 15, 16 ], "texture": "#bottom" },
				"south": { "uv": [ 1, 15, 15, 16 ], "texture": "#bottom" }
			}
		},
		{
			"__comment": "Box6",
			"from": [ 1, 15, 0 ],
			"to": [ 15, 16, 1 ],
			"faces": {
				"down": { "uv": [ 1, 15, 15, 16 ], "texture": "#bottom" },
				"up": { "uv": [ 1, 0, 15, 1 ], "texture": "#bottom" },
				"north": { "uv": [ 1, 0, 15, 1 ], "texture": "#bottom" },
				"south": { "uv": [ 1, 0, 15, 1 ], "texture": "#bottom" }
			}
		},
		{
			"__comment": "Box6",
			"from": [ 1, 15, 15 ],
			"to": [ 15, 16, 16 ],
			"faces": {
				"down": { "uv": [ 1, 0, 15, 1 ], "texture": "#bottom" },
				"up": { "uv": [ 1, 15, 15, 16 ], "texture": "#bottom" },
				"north": { "uv": [ 1, 0, 15, 1 ], "texture": "#bottom" },
				"south": { "uv": [ 1, 0, 15, 1 ], "texture": "#bottom" }
			}
		},
		{
			"__comment": "Box6",
			"from": [ 1, 0, 15 ],
			"to": [ 15, 1, 16 ],
			"faces": {
				"down": { "uv": [ 1, 15, 15, 16 ], "texture": "#bottom" },
				"up": { "uv": [ 1, 0, 15, 1 ], "texture": "#bottom" },
				"north": { "uv": [ 1, 15, 15, 16 ], "texture": "#bottom" },
				"south": { "uv": [ 1, 15, 15, 16 ], "texture": "#bottom" }
			}
		},
		{
			"__comment": "Box6",
			"from": [ 0, 0, 1 ],
			"to": [ 1, 1, 15 ],
			"faces": {
				"down": { "uv": [ 1, 0, 15, 1 ], "texture": "#bottom", "rotation": 270 },
				"up": { "uv": [ 1, 15, 15, 16 ], "texture": "#bottom", "rotation": 90 },
				"west": { "uv": [ 1, 15, 15, 16 ], "texture": "#bottom" },
				"east": { "uv": [ 1, 15, 15, 16 ], "texture": "#bottom" }
			}
		},
		{
			"__comment": "Box6",
			"from": [ 15, 15, 0.9999 ],
			"to": [ 16, 16, 14.9999 ],
			"faces": {
				"down": { "uv": [ 1, 15, 15, 16 ], "texture": "#bottom", "rotation": 270 },
				"up": { "uv": [ 1, 0, 15, 1 ], "texture": "#bottom", "rotation": 90 },
				"west": { "uv": [ 1, 0, 15, 1 ], "texture": "#bottom" },
				"east": { "uv": [ 1, 0, 15, 1 ], "texture": "#bottom" }
			}
		},
		{
			"__comment": "Box6",
			"from": [ 15, 0, 0.9999 ],
			"to": [ 16, 1, 14.9999 ],
			"faces": {
				"down": { "uv": [ 1, 15, 15, 16 ], "texture": "#bottom", "rotation": 270 },
				"up": { "uv": [ 1, 0, 15, 1 ], "texture": "#bottom", "rotation": 90 },
				"west": { "uv": [ 1, 15, 15, 16 ], "texture": "#bottom" },
				"east": { "uv": [ 1, 15, 15, 16 ], "texture": "#bottom" }
			}
		},
		{
			"__comment": "Box6",
			"from": [ 0, 15, 1 ],
			"to": [ 1, 16, 15 ],
			"faces": {
				"down": { "uv": [ 1, 0, 15, 1 ], "texture": "#bottom", "rotation": 270 },
				"up": { "uv": [ 1, 15, 15, 16 ], "texture": "#bottom", "rotation": 90 },
				"west": { "uv": [ 1, 15, 15, 16 ], "texture": "#bottom" },
				"east": { "uv": [ 1, 15, 15, 16 ], "texture": "#bottom" }
			}
		},
		{
			"__comment": "Voxels",
			"from": [ 4, 15.75, 3 ],
			"to": [ 12, 16, 4 ],
			"faces": {
				"down": { "uv": [ 4, 12, 12, 13 ], "texture": "#sign" },
				"up": { "uv": [ 4, 12, 12, 11 ], "texture": "#sign" },
				"north": { "uv": [ 12, 10, 4, 11 ], "texture": "#sign" },
				"south": { "uv": [ 4, 9, 12, 10 ], "texture": "#sign" },
				"west": { "uv": [ 3, 4, 4, 5 ], "texture": "#sign" },
				"east": { "uv": [ 4, 3, 3, 4 ], "texture": "#sign" }
			}
		},
		{
			"__comment": "Voxels",
			"from": [ 5, 15.75, 4 ],
			"to": [ 11, 16, 7 ],
			"faces": {
				"down": { "uv": [ 0, 13, 6, 16 ], "texture": "#sign" },
				"up": { "uv": [ 6, 16, 12, 13 ], "texture": "#sign" },
				"north": { "uv": [ 10, 8, 4, 9 ], "texture": "#sign" },
				"south": { "uv": [ 10, 8, 16, 9 ], "texture": "#sign" },
				"west": { "uv": [ 0, 4, 3, 5 ], "texture": "#sign" },
				"east": { "uv": [ 3, 3, 0, 4 ], "texture": "#sign" }
			}
		},
		{
			"__comment": "Voxels",
			"from": [ 6, 15.75, 7 ],
			"to": [ 10, 16, 10 ],
			"faces": {
				"down": { "uv": [ 12, 13, 16, 16 ], "texture": "#sign" },
				"up": { "uv": [ 0, 13, 4, 10 ], "texture": "#sign" },
				"north": { "uv": [ 4, 6, 0, 7 ], "texture": "#sign" },
				"south": { "uv": [ 0, 5, 4, 6 ], "texture": "#sign" },
				"west": { "uv": [ 0, 2, 3, 3 ], "texture": "#sign" },
				"east": { "uv": [ 3, 1, 0, 2 ], "texture": "#sign" }
			}
		},
		{
			"__comment": "Voxels",
			"from": [ 7, 15.75, 10 ],
			"to": [ 9, 16, 13 ],
			"faces": {
				"down": { "uv": [ 0, 7, 2, 10 ], "texture": "#sign" },
				"up": { "uv": [ 2, 10, 4, 7 ], "texture": "#sign" },
				"north": { "uv": [ 14, 11, 12, 12 ], "texture": "#sign" },
				"south": { "uv": [ 14, 11, 16, 12 ], "texture": "#sign" },
				"west": { "uv": [ 0, 0, 3, 1 ], "texture": "#sign" },
				"east": { "uv": [ 15, 12, 12, 13 ], "texture": "#sign" }
			}
		},
		{
			"__comment": "Voxels",
			"from": [ 4, 0, 3 ],
			"to": [ 12, 0.25, 4 ],
			"faces": {
				"down": { "uv": [ 4, 12, 12, 13 ], "texture": "#sign" },
				"up": { "uv": [ 4, 12, 12, 11 ], "texture": "#sign" },
				"north": { "uv": [ 12, 10, 4, 11 ], "texture": "#sign" },
				"south": { "uv": [ 4, 9, 12, 10 ], "texture": "#sign" },
				"west": { "uv": [ 3, 4, 4, 5 ], "texture": "#sign" },
				"east": { "uv": [ 4, 3, 3, 4 ], "texture": "#sign" }
			}
		},
		{
			"__comment": "Voxels",
			"from": [ 5, 0, 4 ],
			"to": [ 11, 0.25, 7 ],
			"faces": {
				"down": { "uv": [ 0, 13, 6, 16 ], "texture": "#sign" },
				"up": { "uv": [ 6, 16, 12, 13 ], "texture": "#sign" },
				"north": { "uv": [ 10, 8, 4, 9 ], "texture": "#sign" },
				"south": { "uv": [ 10, 8, 16, 9 ], "texture": "#sign" },
				"west": { "uv": [ 0, 4, 3, 5 ], "texture": "#sign" },
				"east": { "uv": [ 3, 3, 0, 4 ], "texture": "#sign" }
			}
		},
		{
			"__comment": "Voxels",
			"from": [ 6, 0, 7 ],
			"to": [ 10, 0.25, 10 ],
			"faces": {
				"down": { "uv": [ 12, 13, 16, 16 ], "texture": "#sign" },
				"up": { "uv": [ 0, 13, 4, 10 ], "texture": "#sign" },
				"north": { "uv": [ 4, 6, 0, 7 ], "texture": "#sign" },
				"south": { "uv": [ 0, 5, 4, 6 ], "texture": "#sign" },
				"west": { "uv": [ 0, 2, 3, 3 ], "texture": "#sign" },
				"east": { "uv": [ 3, 1, 0, 2 ], "texture": "#sign" }
			}
		},
		{
			"__comment": "Voxels",
			"from": [ 7, 0, 10 ],
			"to": [ 9, 0.25, 13 ],
			"faces": {
				"down": { "uv": [ 0, 7, 2, 10 ], "texture": "#sign" },
				"up": { "uv": [ 2, 10, 4, 7 ], "texture": "#sign" },
				"north": { "uv": [ 14, 11, 12, 12 ], "texture": "#sign" },
				"south": { "uv": [ 14, 11, 16, 12 ], "texture": "#sign" },
				"west": { "uv": [ 0, 0, 3, 1 ], "texture": "#sign" },
				"east": { "uv": [ 15, 12, 12, 13 ], "texture": "#sign" }
			}
		},
		{
			"__comment": "Voxels",
			"from": [ 0, 5, 4 ],
			"to": [ 0.25, 6, 8 ],
			"faces": {
				"down": { "uv": [ 2, 12, 3, 16 ], "texture": "#sign" },
				"up": { "uv": [ 2, 12, 3, 8 ], "texture": "#sign" },
				"north": { "uv": [ 11, 8, 10, 9 ], "texture": "#sign" },
				"south": { "uv": [ 10, 9, 11, 10 ], "texture": "#sign" },
				"west": { "uv": [ 5, 15, 9, 16 ], "texture": "#sign" },
				"east": { "uv": [ 13, 15, 9, 16 ], "texture": "#sign" }
			}
		},
		{
			"__comment": "Voxels",
			"from": [ 0, 6, 6 ],
			"to": [ 0.25, 7, 10 ],
			"faces": {
				"down": { "uv": [ 3, 10, 4, 14 ], "texture": "#sign" },
				"up": { "uv": [ 4, 14, 5, 10 ], "texture": "#sign" },
				"north": { "uv": [ 16, 14, 15, 15 ], "texture": "#sign" },
				"south": { "uv": [ 15, 15, 16, 16 ], "texture": "#sign" },
				"west": { "uv": [ 7, 14, 11, 15 ], "texture": "#sign" },
				"east": { "uv": [ 15, 14, 11, 15 ], "texture": "#sign" }
			}
		},
		{
			"__comment": "Voxels",
			"from": [ 0, 7, 8 ],
			"to": [ 0.25, 10, 10 ],
			"faces": {
				"down": { "uv": [ 5, 8, 6, 10 ], "texture": "#sign" },
				"up": { "uv": [ 6, 10, 7, 8 ], "texture": "#sign" },
				"north": { "uv": [ 6, 10, 5, 13 ], "texture": "#sign" },
				"south": { "uv": [ 6, 10, 7, 13 ], "texture": "#sign" },
				"west": { "uv": [ 0, 13, 2, 16 ], "texture": "#sign" },
				"east": { "uv": [ 2, 10, 0, 13 ], "texture": "#sign" }
			}
		},
		{
			"__comment": "Voxels",
			"from": [ 0, 7, 10 ],
			"to": [ 0.25, 9, 12 ],
			"faces": {
				"down": { "uv": [ 7, 12, 8, 14 ], "texture": "#sign" },
				"up": { "uv": [ 7, 12, 8, 10 ], "texture": "#sign" },
				"north": { "uv": [ 8, 8, 7, 10 ], "texture": "#sign" },
				"south": { "uv": [ 8, 12, 9, 14 ], "texture": "#sign" },
				"west": { "uv": [ 5, 13, 7, 15 ], "texture": "#sign" },
				"east": { "uv": [ 5, 8, 3, 10 ], "texture": "#sign" }
			}
		},
		{
			"__comment": "Voxels",
			"from": [ 0, 9, 6 ],
			"to": [ 0.25, 11, 8 ],
			"faces": {
				"down": { "uv": [ 8, 10, 9, 12 ], "texture": "#sign" },
				"up": { "uv": [ 8, 10, 9, 8 ], "texture": "#sign" },
				"north": { "uv": [ 10, 12, 9, 14 ], "texture": "#sign" },
				"south": { "uv": [ 9, 10, 10, 12 ], "texture": "#sign" },
				"west": { "uv": [ 3, 14, 5, 16 ], "texture": "#sign" },
				"east": { "uv": [ 2, 8, 0, 10 ], "texture": "#sign" }
			}
		},
		{
			"__comment": "Voxels",
			"from": [ 0, 10, 4 ],
			"to": [ 0.25, 11, 6 ],
			"faces": {
				"down": { "uv": [ 9, 8, 10, 10 ], "texture": "#sign" },
				"up": { "uv": [ 10, 14, 11, 12 ], "texture": "#sign" },
				"north": { "uv": [ 11, 11, 10, 12 ], "texture": "#sign" },
				"south": { "uv": [ 10, 10, 11, 11 ], "texture": "#sign" },
				"west": { "uv": [ 13, 15, 15, 16 ], "texture": "#sign" },
				"east": { "uv": [ 13, 13, 11, 14 ], "texture": "#sign" }
			}
		},
		{
			"__comment": "Voxels",
			"from": [ 15.75, 10, 4 ],
			"to": [ 16, 11, 6 ],
			"faces": {
				"down": { "uv": [ 9, 8, 10, 10 ], "texture": "#sign" },
				"up": { "uv": [ 10, 14, 11, 12 ], "texture": "#sign" },
				"north": { "uv": [ 11, 11, 10, 12 ], "texture": "#sign" },
				"south": { "uv": [ 10, 10, 11, 11 ], "texture": "#sign" },
				"west": { "uv": [ 13, 15, 15, 16 ], "texture": "#sign" },
				"east": { "uv": [ 13, 13, 11, 14 ], "texture": "#sign" }
			}
		},
		{
			"__comment": "Voxels",
			"from": [ 15.75, 9, 6 ],
			"to": [ 16, 11, 8 ],
			"faces": {
				"down": { "uv": [ 8, 10, 9, 12 ], "texture": "#sign" },
				"up": { "uv": [ 8, 10, 9, 8 ], "texture": "#sign" },
				"north": { "uv": [ 10, 12, 9, 14 ], "texture": "#sign" },
				"south": { "uv": [ 9, 10, 10, 12 ], "texture": "#sign" },
				"west": { "uv": [ 3, 14, 5, 16 ], "texture": "#sign" },
				"east": { "uv": [ 2, 8, 0, 10 ], "texture": "#sign" }
			}
		},
		{
			"__comment": "Voxels",
			"from": [ 15.75, 7, 8 ],
			"to": [ 16, 10, 10 ],
			"faces": {
				"down": { "uv": [ 5, 8, 6, 10 ], "texture": "#sign" },
				"up": { "uv": [ 6, 10, 7, 8 ], "texture": "#sign" },
				"north": { "uv": [ 6, 10, 5, 13 ], "texture": "#sign" },
				"south": { "uv": [ 6, 10, 7, 13 ], "texture": "#sign" },
				"west": { "uv": [ 0, 13, 2, 16 ], "texture": "#sign" },
				"east": { "uv": [ 2, 10, 0, 13 ], "texture": "#sign" }
			}
		},
		{
			"__comment": "Voxels",
			"from": [ 15.75, 7, 10 ],
			"to": [ 16, 9, 12 ],
			"faces": {
				"down": { "uv": [ 7, 12, 8, 14 ], "texture": "#sign" },
				"up": { "uv": [ 7, 12, 8, 10 ], "texture": "#sign" },
				"north": { "uv": [ 8, 8, 7, 10 ], "texture": "#sign" },
				"south": { "uv": [ 8, 12, 9, 14 ], "texture": "#sign" },
				"west": { "uv": [ 5, 13, 7, 15 ], "texture": "#sign" },
				"east": { "uv": [ 5, 8, 3, 10 ], "texture": "#sign" }
			}
		},
		{
			"__comment": "Voxels",
			"from": [ 15.75, 6, 6 ],
			"to": [ 16, 7, 10 ],
			"faces": {
				"down": { "uv": [ 3, 10, 4, 14 ], "texture": "#sign" },
				"up": { "uv": [ 4, 14, 5, 10 ], "texture": "#sign" },
				"north": { "uv": [ 16, 14, 15, 15 ], "texture": "#sign" },
				"south": { "uv": [ 15, 15, 16, 16 ], "texture": "#sign" },
				"west": { "uv": [ 7, 14, 11, 15 ], "texture": "#sign" },
				"east": { "uv": [ 15, 14, 11, 15 ], "texture": "#sign" }
			}
		},
		{
			"__comment": "Voxels",
			"from": [ 15.75, 5, 4 ],
			"to": [ 16, 6, 8 ],
			"faces": {
				"down": { "uv": [ 2, 12, 3, 16 ], "texture": "#sign" },
				"up": { "uv": [ 2, 12, 3, 8 ], "texture": "#sign" },
				"north": { "uv": [ 11, 8, 10, 9 ], "texture": "#sign" },
				"south": { "uv": [ 10, 9, 11, 10 ], "texture": "#sign" },
				"west": { "uv": [ 5, 15, 9, 16 ], "texture": "#sign" },
				"east": { "uv": [ 13, 15, 9, 16 ], "texture": "#sign" }
			}
		},
		{
			"__comment": "Voxels",
			"from": [ 2, 11, 0 ],
			"to": [ 14, 12, 0.25 ],
			"faces": {
				"down": { "uv": [ 0, 15, 12, 16 ], "texture": "#sign" },
				"up": { "uv": [ 0, 15, 12, 14 ], "texture": "#sign" },
				"north": { "uv": [ 12, 13, 0, 14 ], "texture": "#sign" },
				"south": { "uv": [ 0, 12, 12, 13 ], "texture": "#sign" },
				"west": { "uv": [ 12, 15, 13, 16 ], "texture": "#sign" },
				"east": { "uv": [ 14, 15, 13, 16 ], "texture": "#sign" }
			}
		}
	]
}