{
	"ambientocclusion": false,
    "textures": {
        "particle": "#side"
    },
    "elements": [
        {   "from": [ 0.25, 0.25, 0.25 ],
            "to": [ 15.75, 15.75, 3.75 ],
            "faces": {
                "down":  { "uv": [ 0.25, 3.25, 15.75, 6.75 ], "texture": "#platform", "rotation": 180, "cullface": "down" },
                "up":    { "uv": [ 0.25, 3.25, 15.75, 6.75 ], "texture": "#platform", "cullface": "up" },
                "north": { "uv": [ 0.25, 0.25, 15.75, 15.75 ], "texture": "#platform", "cullface": "north" },
                "south": { "uv": [ 0.25, 0.25, 15.75, 15.75 ], "texture": "#platform", "cullface": "south" },
                "west":  { "uv": [ 0.25, 3.25, 15.75, 6.75 ], "texture": "#platform", "rotation": 270, "cullface": "west" },
                "east":  { "uv": [ 0.25, 3.25, 15.75, 6.75 ], "texture": "#platform", "rotation": 90, "cullface": "east" }
            }
        },
        {   "from": [ 7, 7, 0 ],
            "to": [ 9, 9, 1 ],
            "faces": {
                "up":  {"texture": "#on"},
                "down":  {"texture": "#on"},
                "north": {"texture": "#on" },
                "west":  {"texture": "#on" },
                "east":  {"texture": "#on" }
            }
        },
        {   "from": [ 0, 0, 0 ],
            "to": [ 1, 16, 1 ],
            "faces": {
                "north": {"texture": "#platform" },
                "south": {"texture": "#platform" },
                "west":  {"texture": "#platform" },
                "east":  {"texture": "#platform" }
            }
        },
        {   "from": [ 15, 0, 0 ],
            "to": [ 16, 16, 1 ],
            "faces": {
                "north": {"texture": "#platform" },
                "south": {"texture": "#platform" },
                "west":  {"texture": "#platform" },
                "east":  {"texture": "#platform" }
            }
        },
        {   "from": [ 0, 0, 3 ],
            "to": [ 1, 16, 4 ],
            "faces": {
                "north": {"texture": "#platform" },
                "south": {"texture": "#platform" },
                "west":  { "uv": [ 0, 0, 1, 16 ], "texture": "#platform" },
                "east":  { "uv": [ 0, 0, 1, 16 ],"texture": "#platform" }
            }
        },
        {   "from": [ 15, 0, 3 ],
            "to": [ 16, 16, 4 ],
            "faces": {
                "north": {"texture": "#platform" },
                "south": {"texture": "#platform" },
                "west":  { "uv": [ 0, 0, 1, 16 ],"texture": "#platform" },
                "east":  { "uv": [ 0, 0, 1, 16 ],"texture": "#platform" }
            }
        },
        {   "from": [ 0, 0, 0 ],
            "to": [ 16, 1, 1 ],
            "faces": {
                "north": {"texture": "#platform" },
                "south": {"texture": "#platform" },
                "up":  {"texture": "#platform" },
                "down":  {"texture": "#platform" }
            }
        },
        {   "from": [ 0, 15, 0 ],
            "to": [ 16, 16, 1 ],
            "faces": {
                "north": {"texture": "#platform"},
                "south": {"texture": "#platform"},
                "up":  {"texture": "#platform" },
                "down":  {"texture": "#platform"}
            }
        },
        {   "from": [ 0, 0, 3 ],
            "to": [ 16, 1, 4 ],
            "faces": {
                "north": {"texture": "#platform"},
                "south": {"texture": "#platform"},
                "up":  { "uv": [ 0, 0, 16, 1 ],"texture": "#platform"},
                "down":  { "uv": [ 0, 0, 16, 1 ],"texture": "#platform"}
            }
        },
        {   "from": [ 0, 15, 3 ],
            "to": [ 16, 16, 4 ],
            "faces": {
                "north": {"texture": "#platform" },
                "south": {"texture": "#platform" },
                "up":  { "uv": [ 0, 0, 16, 1 ],"texture": "#platform"},
                "down":  { "uv": [ 0, 0, 16, 1 ],"texture": "#platform" }
            }
        },
        {   "from": [ 0, 0, 1 ],
            "to": [ 1, 1, 3 ],
            "faces": {
                "west": { "uv": [ 0, 0, 2, 1 ],"texture": "#platform"},
                "east": { "uv": [ 0, 0, 2, 1 ],"texture": "#platform"},
                "up":  { "uv": [ 0, 0, 1, 2 ],"texture": "#platform"},
                "down":  { "uv": [ 0, 0, 1, 2 ],"texture": "#platform"}
            }
        },
        {   "from": [ 0, 15, 1 ],
            "to": [ 1, 16, 3 ],
            "faces": {
                "west": { "uv": [ 0, 0, 2, 1 ],"texture": "#platform" },
                "east": { "uv": [ 0, 0, 2, 1 ],"texture": "#platform" },
                "up":  { "uv": [ 0, 0,  1, 2 ],"texture": "#platform" },
                "down":  { "uv": [ 0, 0,  1, 2  ],"texture": "#platform" }
            }
        },
        {   "from": [ 15, 0, 1 ],
            "to": [ 16, 1, 3 ],
            "faces": {
                "west": { "uv": [ 0, 0, 2, 1 ],"texture": "#platform" },
                "east": { "uv": [ 0, 0, 2, 1 ],"texture": "#platform" },
                "up":  { "uv": [ 0, 0,  1, 2  ],"texture": "#platform" },
                "down":  { "uv": [ 0, 0, 1, 2  ],"texture": "#platform" }
            }
        },
        {   "from": [ 15, 15, 1 ],
            "to": [ 16, 16, 3 ],
            "faces": {
                "west": { "uv": [ 0, 0, 2, 1 ],"texture": "#platform" },
                "east": { "uv": [ 0, 0, 2, 1 ],"texture": "#platform" },
                "up":  { "uv": [ 0, 0,  1, 2  ],"texture": "#platform" },
                "down":  { "uv": [ 0, 0,  1, 2  ],"texture": "#platform" }
            }
        },
        {   "from": [ 0.25, 0.25, 4.25 ],
            "to": [ 15.75, 15.75, 15.75 ],
            "faces": {
                "down":  { "texture": "#in", "cullface": "down" },
                "up":    { "texture": "#in", "cullface": "up" },
                "north": { "texture": "#in", "cullface": "north" },
                "south": { "texture": "#in", "cullface": "south" },
                "west":  { "texture": "#in", "cullface": "west" },
                "east":  { "texture": "#in", "cullface": "east" }
            }
        },
        {   "from": [ 2, 0, 12 ],
            "to": [ 14, 16, 14 ],
            "faces": {
                "down":  {"texture": "#on" },
                "up":    {"texture": "#on" },
                "north": {"texture": "#on" },
                "south": {"texture": "#on" },
                "west":  {"texture": "#on" },
                "east":  {"texture": "#on" }
            }
        },
        {   "from": [ 0, 2, 12 ],
            "to": [ 16, 14, 14 ],
            "faces": {
                "down":  {"texture": "#on" },
                "up":    {"texture": "#on" },
                "north": {"texture": "#on" },
                "south": {"texture": "#on" },
                "west":  {"texture": "#on" },
                "east":  {"texture": "#on" }
            }
        },
        {   "from": [ 2, 2, 15 ],
            "to": [ 14, 4, 16 ],
            "faces": {
                "down":  {"texture": "#on" },
                "up":    {"texture": "#on" },
                "north": {"texture": "#on" },
                "south": {"texture": "#on" },
                "west":  {"texture": "#on" },
                "east":  {"texture": "#on" }
            }
        },
        {   "from": [ 2, 12, 15 ],
            "to": [ 14, 14, 16 ],
            "faces": {
                "down":  {"texture": "#on" },
                "up":    {"texture": "#on" },
                "north": {"texture": "#on" },
                "south": {"texture": "#on" },
                "west":  {"texture": "#on" },
                "east":  {"texture": "#on" }
            }
        },
        {   "from": [ 2, 4, 15 ],
            "to": [ 4, 12, 16 ],
            "faces": {
                "north": {"texture": "#on" },
                "south": {"texture": "#on" },
                "west":  {"texture": "#on" },
                "east":  {"texture": "#on" }
            }
        },
        {   "from": [ 12, 4, 15 ],
            "to": [ 14, 12, 16 ],
            "faces": {
                "north": {"texture": "#on" },
                "south": {"texture": "#on" },
                "west":  {"texture": "#on" },
                "east":  {"texture": "#on" }
            }
        },
        {   "from": [ 0, 0, 4 ],
            "to": [ 1, 16, 5 ],
            "faces": {
                "down":  { "uv": [ 0, 0, 1, 1 ], "texture": "#bottom" },
                "up":    { "uv": [ 0, 0, 1, 1 ], "texture": "#bottom" },
                "north": { "uv": [ 0, 0, 1, 16 ], "texture": "#bottom" },
                "south": { "uv": [ 0, 0, 1, 16 ], "texture": "#bottom" },
                "west":  { "uv": [ 0, 0, 1, 16 ], "texture": "#bottom" },
                "east":  { "uv": [ 0, 0, 1, 16 ], "texture": "#bottom" }
            }
        },
        {   "from": [ 15, 0, 4 ],
            "to": [ 16, 16, 5 ],
            "faces": {
                "down":  { "uv": [ 0, 0, 1, 1 ], "texture": "#bottom" },
                "up":    { "uv": [ 0, 0, 1, 1 ], "texture": "#bottom" },
                "north": { "uv": [ 0, 0, 1, 16 ], "texture": "#bottom" },
                "south": { "uv": [ 0, 0, 1, 16 ], "texture": "#bottom" },
                "west":  { "uv": [ 0, 0, 1, 16 ], "texture": "#bottom" },
                "east":  { "uv": [ 0, 0, 1, 16 ], "texture": "#bottom" }
            }
        },
        {   "from": [ 0, 0, 15 ],
            "to": [ 1, 16, 16 ],
            "faces": {
                "down":  { "uv": [ 0, 0, 1, 1 ], "texture": "#bottom" },
                "up":    { "uv": [ 0, 0, 1, 1 ], "texture": "#bottom" },
                "north": { "uv": [ 0, 0, 1, 16 ], "texture": "#bottom" },
                "south": { "uv": [ 0, 0, 1, 16 ], "texture": "#bottom" },
                "west":  { "uv": [ 0, 0, 1, 16 ], "texture": "#bottom" },
                "east":  { "uv": [ 0, 0, 1, 16 ], "texture": "#bottom" }
            }
        },
        {   "from": [ 15, 0, 15 ],
            "to": [ 16, 16, 16 ],
            "faces": {
                "down":  { "uv": [ 0, 0, 1, 1 ], "texture": "#bottom" },
                "up":    { "uv": [ 0, 0, 1, 1 ], "texture": "#bottom" },
                "north": { "uv": [ 0, 0, 1, 16 ], "texture": "#bottom" },
                "south": { "uv": [ 0, 0, 1, 16 ], "texture": "#bottom" },
                "west":  { "uv": [ 0, 0, 1, 16 ], "texture": "#bottom" },
                "east":  { "uv": [ 0, 0, 1, 16 ], "texture": "#bottom" }
            }
        },
        {   "from": [ 1, 0, 4 ],
            "to": [ 15, 1, 5 ],
            "faces": {
                "down":  { "uv": [ 1, 0, 15, 1 ], "texture": "#bottom" },
                "up":    { "uv": [ 1, 0, 15, 1 ], "texture": "#bottom" },
                "north": { "uv": [ 1, 0, 15, 1 ], "texture": "#bottom" },
                "south": { "uv": [ 1, 0, 15, 1 ], "texture": "#bottom" }
            }
        },
        {   "from": [ 1, 15, 4 ],
            "to": [ 15, 16, 5 ],
            "faces": {
                "down":  { "uv": [ 1, 0, 15, 1 ], "texture": "#bottom" },
                "up":    { "uv": [ 1, 0, 15, 1 ], "texture": "#bottom" },
                "north": { "uv": [ 1, 0, 15, 1 ], "texture": "#bottom" },
                "south": { "uv": [ 1, 0, 15, 1 ], "texture": "#bottom" }
            }
        },
        {   "from": [ 1, 0, 15 ],
            "to": [ 15, 1, 16 ],
            "faces": {
                "down":  { "uv": [ 1, 0, 15, 1 ], "texture": "#bottom" },
                "up":    { "uv": [ 1, 0, 15, 1 ], "texture": "#bottom" },
                "north": { "uv": [ 1, 0, 15, 1 ], "texture": "#bottom" },
                "south": { "uv": [ 1, 0, 15, 1 ], "texture": "#bottom" }
            }
        },
        {   "from": [ 1, 15, 15 ],
            "to": [ 15, 16, 16 ],
            "faces": {
                "down":  { "uv": [ 1, 0, 15, 1 ], "texture": "#bottom" },
                "up":    { "uv": [ 1, 0, 15, 1 ], "texture": "#bottom" },
                "north": { "uv": [ 1, 0, 15, 1 ], "texture": "#bottom" },
                "south": { "uv": [ 1, 0, 15, 1 ], "texture": "#bottom" }
            }
        },
        {   "from": [ 0, 0, 5 ],
            "to": [ 1, 1, 15 ],
            "faces": {
                "down":  { "uv": [ 0, 3, 1, 13 ], "texture": "#bottom" },
                "up":    { "uv": [ 0, 3, 1, 13 ], "texture": "#bottom" },
                "west":  { "uv": [ 3, 0, 13, 1 ], "texture": "#bottom" },
                "east":  { "uv": [ 3, 0, 13, 1 ], "texture": "#bottom" }
            }
        },
        {   "from": [ 15, 0, 5 ],
            "to": [ 16, 1, 15 ],
            "faces": {
                "down":  { "uv": [ 0, 3, 1, 13 ], "texture": "#bottom" },
                "up":    { "uv": [ 0, 3, 1, 13 ], "texture": "#bottom" },
                "west":  { "uv": [ 3, 0, 13, 1 ], "texture": "#bottom" },
                "east":  { "uv": [ 3, 0, 13, 1 ], "texture": "#bottom" }
            }
        },
        {   "from": [ 0, 15, 5 ],
            "to": [ 1, 16, 15 ],
            "faces": {
                "down":  { "uv": [ 0, 3, 1, 13 ], "texture": "#bottom" },
                "up":    { "uv": [ 0, 3, 1, 13 ], "texture": "#bottom" },
                "west":  { "uv": [ 3, 0, 13, 1 ], "texture": "#bottom" },
                "east":  { "uv": [ 3, 0, 13, 1 ], "texture": "#bottom" }
            }
        },
        {   "from": [ 15, 15, 5 ],
            "to": [ 16, 16, 15 ],
            "faces": {
                "down":  { "uv": [ 0, 3, 1, 13 ], "texture": "#bottom" },
                "up":    { "uv": [ 0, 3, 1, 13 ], "texture": "#bottom" },
                "west":  { "uv": [ 3, 0, 13, 1 ], "texture": "#bottom" },
                "east":  { "uv": [ 3, 0, 13, 1 ], "texture": "#bottom" }
            }
        }
    ]
}
