{
	"ambientocclusion": false,
    "textures": {
        "particle": "#platform"
    },
    "elements": [
        {   "from": [ 0.25, 0.25, 0.25 ],
            "to": [ 15.75, 15.75, 3.75 ],
            "faces": {
                "down":  { "uv": [ 0.25, 3.25, 15.75, 6.75 ], "texture": "#platform", "rotation": 180, "cullface": "down" },
                "up":    { "uv": [ 0.25, 3.25, 15.75, 6.75 ], "texture": "#platform", "cullface": "up" },
                "north": { "uv": [ 0.25, 0.25, 15.75, 15.75 ], "texture": "#platform", "cullface": "north" },
                "south": { "uv": [ 0.25, 0.25, 15.75, 15.75 ], "texture": "#platform"},
                "west":  { "uv": [ 0.25, 3.25, 15.75, 6.75 ], "texture": "#platform", "rotation": 270, "cullface": "west" },
                "east":  { "uv": [ 0.25, 3.25, 15.75, 6.75 ], "texture": "#platform", "rotation": 90, "cullface": "east" }
            }
        },
        {   "from": [ 7, 7, 0 ],
            "to": [ 9, 9, 1 ],
            "faces": {
                "up":  {"texture": "#on"},
                "down":  {"texture": "#on"},
                "north": {"texture": "#on" },
                "west":  {"texture": "#on" },
                "east":  {"texture": "#on" }
            }
        },
        {   "from": [ 0, 0, 0 ],
            "to": [ 1, 16, 1 ],
            "faces": {
                "north": {"texture": "#platform" },
                "south": {"texture": "#platform" },
                "west":  {"texture": "#platform" },
                "east":  {"texture": "#platform" }
            }
        },
        {   "from": [ 15, 0, 0 ],
            "to": [ 16, 16, 1 ],
            "faces": {
                "north": {"texture": "#platform" },
                "south": {"texture": "#platform" },
                "west":  {"texture": "#platform" },
                "east":  {"texture": "#platform" }
            }
        },
        {   "from": [ 0, 0, 3 ],
            "to": [ 1, 16, 4 ],
            "faces": {
                "north": {"texture": "#platform" },
                "south": {"texture": "#platform" },
                "west":  { "uv": [ 0, 0, 1, 16 ], "texture": "#platform" },
                "east":  { "uv": [ 0, 0, 1, 16 ],"texture": "#platform" }
            }
        },
        {   "from": [ 15, 0, 3 ],
            "to": [ 16, 16, 4 ],
            "faces": {
                "north": {"texture": "#platform" },
                "south": {"texture": "#platform" },
                "west":  { "uv": [ 0, 0, 1, 16 ],"texture": "#platform" },
                "east":  { "uv": [ 0, 0, 1, 16 ],"texture": "#platform" }
            }
        },
        {   "from": [ 0, 0, 0 ],
            "to": [ 16, 1, 1 ],
            "faces": {
                "north": {"texture": "#platform" },
                "south": {"texture": "#platform" },
                "up":  {"texture": "#platform" },
                "down":  {"texture": "#platform" }
            }
        },
        {   "from": [ 0, 15, 0 ],
            "to": [ 16, 16, 1 ],
            "faces": {
                "north": {"texture": "#platform"},
                "south": {"texture": "#platform"},
                "up":  {"texture": "#platform" },
                "down":  {"texture": "#platform"}
            }
        },
        {   "from": [ 0, 0, 3 ],
            "to": [ 16, 1, 4 ],
            "faces": {
                "north": {"texture": "#platform"},
                "south": {"texture": "#platform"},
                "up":  { "uv": [ 0, 0, 16, 1 ],"texture": "#platform"},
                "down":  { "uv": [ 0, 0, 16, 1 ],"texture": "#platform"}
            }
        },
        {   "from": [ 0, 15, 3 ],
            "to": [ 16, 16, 4 ],
            "faces": {
                "north": {"texture": "#platform" },
                "south": {"texture": "#platform" },
                "up":  { "uv": [ 0, 0, 16, 1 ],"texture": "#platform"},
                "down":  { "uv": [ 0, 0, 16, 1 ],"texture": "#platform" }
            }
        },
        {   "from": [ 0, 0, 1 ],
            "to": [ 1, 1, 3 ],
            "faces": {
                "west": { "uv": [ 0, 0, 2, 1 ],"texture": "#platform"},
                "east": { "uv": [ 0, 0, 2, 1 ],"texture": "#platform"},
                "up":  { "uv": [ 0, 0, 1, 2 ],"texture": "#platform"},
                "down":  { "uv": [ 0, 0, 1, 2 ],"texture": "#platform"}
            }
        },
        {   "from": [ 0, 15, 1 ],
            "to": [ 1, 16, 3 ],
            "faces": {
                "west": { "uv": [ 0, 0, 2, 1 ],"texture": "#platform" },
                "east": { "uv": [ 0, 0, 2, 1 ],"texture": "#platform" },
                "up":  { "uv": [ 0, 0,  1, 2 ],"texture": "#platform" },
                "down":  { "uv": [ 0, 0,  1, 2  ],"texture": "#platform" }
            }
        },
        {   "from": [ 15, 0, 1 ],
            "to": [ 16, 1, 3 ],
            "faces": {
                "west": { "uv": [ 0, 0, 2, 1 ],"texture": "#platform" },
                "east": { "uv": [ 0, 0, 2, 1 ],"texture": "#platform" },
                "up":  { "uv": [ 0, 0,  1, 2  ],"texture": "#platform" },
                "down":  { "uv": [ 0, 0, 1, 2  ],"texture": "#platform" }
            }
        },
        {   "from": [ 15, 15, 1 ],
            "to": [ 16, 16, 3 ],
            "faces": {
                "west": { "uv": [ 0, 0, 2, 1 ],"texture": "#platform" },
                "east": { "uv": [ 0, 0, 2, 1 ],"texture": "#platform" },
                "up":  { "uv": [ 0, 0,  1, 2  ],"texture": "#platform" },
                "down":  { "uv": [ 0, 0,  1, 2  ],"texture": "#platform" }
            }
        },
        {   "from": [ 6, 6, 4 ],
            "to": [ 10, 10, 20 ],
            "faces": {
                "down": { "uv": [  0, 0, 16, 4 ], "texture": "#side", "rotation": 90 },
                "up":   { "uv": [  0, 0, 16, 4 ], "texture": "#side", "rotation": 270 },
                "west": { "uv": [ 16, 4,  0, 0 ], "texture": "#side" },
                "east": { "uv": [  0, 0, 16, 4 ], "texture": "#side" }
            }
        }
    ]
}
